,Request,Predicted
26,Unlimited Nothing Like The Rain,1.0
51,—Å–æ–ª—è–Ω–æ–π —à–æ–∫–æ–ª–∞–¥–Ω–æ-–∫–æ—Ñ–µ–π–Ω—ã–π —Å–∫—Ä–∞–± –¥–ª—è —Ç–µ–ª–∞ –º–∞—Å—Å–∞–∂,1.0
162,–¥–∏–∞—Ä–∞ –∫–∞–ø—Å—É–ª—ã —Ü–µ–Ω–∞,1.0
322,–∫–∞–∫ —Å–¥–µ–ª–∞—Ç—å —Ñ–æ–∫—É—Å —Å –∫–æ–ª–æ–¥–æ–π –∫–∞—Ä—Ç,1.0
332,–ø–∏—Å—å–º–æ –ú–∏–Ω—ç–∫–æ–Ω–æ–º—Ä–∞–∑–≤–∏—Ç–∏—è –†–æ—Å—Å–∏–∏ –æ—Ç .. ‚Ññ –î–∏-,1.0
364,–∑–∞–ª–∏–≤ –ë–∞–∏—è-–¥–µ-–ë–∞–Ω–¥–µ—Ä–∞—Å,1.0
491,–ö–ê–†–¢–ê –°–û–ß–ò,1.0
616,–ø–æ—á–µ–º—É –Ω–µ–ª—å–∑—è –∫–æ—Ä–º–∏—Ç—å –≥–æ–ª—É–±–µ–π –ø—Ä–æ—Å–æ–º,1.0
623,–ë—Ä–∞–∑–∏–ª–∏—è —Ñ–∏–ª—å–º,1.0
625,asp.net core modify identity without saving it to cookies,1.0
658,black desert ps crossplay —Å –ø–∫,1.0
702,–æ–±–µ–¥–µ–Ω–Ω—ã–π —Å—Ç–æ–ª –≤ –≥–æ—Å—Ç–∏–Ω–æ–π,1.0
861,–≥–µ–Ω–µ—Ä–∞—Ç–æ—Ä –∫–æ–ª–æ–¥—ã –∫–∞—Ä—Ç,1.0
867,Black Pistol Fire,1.0
918,coca cola –ø–∞—Ä—Ç–Ω–µ—Ä—ã –º–∞—Ä–∫–µ—Ç–∏–Ω–≥,1.0
929,Cart+PDA,1.0
967,—É–¥–∞–ª–µ–Ω–Ω—ã–π —Ä–∞–±–æ—á–∏–π —Å—Ç–æ–ª anydesk,1.0
1071,–∞–±—Å–æ–ª—é—Ç –¥—Ä–∏—Ñ—Ç —Å–∫–∞—á–∞—Ç—å –Ω–∞ –ø–∫,1.0
1080,–∫–æ–º–ø–æ—Ç –∏ –ø–∏–∫—Å–µ–ª—å –∏ —Ç–æ–ø–æ–≤—Å–∫–∏–π,1.0
1354,–±—É—Ä–±–æ–Ω –Ω–∞ –∫–æ–¥–∑–∏ –≤ –¥–æ–º–∞—à–Ω–∏—Ö —É—Å–ª–æ–≤–∏—è—Ö,1.0
1368,–≤–æ—Å—Ç–æ—á–Ω–∞—è —Å–∏–±–∏—Ä—å –∫–ª–∏–º–∞—Ç,1.0
1369, film to hear before you die,1.0
1383,—Ä–µ–º–æ–Ω—Ç-—Å–∏–±–∏—Ä—å —Ç–æ–º—Å–∫,1.0
1384,The Black Keys,1.0
1417,–ö–∞—Ä—Ç–∞ –¢–∞—Ä—Ç–∞—Ä–∏–∏  –≤–µ–∫–∞,1.0
1455,glitter+gold+sparkle+png,1.0
1458,Canon EOS RP Body Gold,1.0
1459,—Å–µ—Ä–∏–∞–ª –ø–µ—Ç—Ä –ø–µ—Ä–≤—ã–π —Å–æ–≤–µ—Ç—Å–∫–∏–π,1.0
1496,–º—É–¥ –∫ –≥–æ–ª–¥,1.0
1523,–°–º–æ—Ä–æ–¥–∏–Ω–∞ —á–µ—Ä–Ω–∞—è –ù–∞—Ä–∞,1.0
1666,–º–∏–∫–æ-–∞ —Ä—É–∫–æ–≤–æ–¥—Å—Ç–≤–æ –ø–æ —ç–∫—Å–ø–ª—É–∞—Ç–∞—Ü–∏–∏,1.0
1700,system shock  —Ñ–∞—Ä–≥—É—Å,1.0
1710,–±—É–ª–æ—á–∫–∏ —Å —Å–∞—Ö–∞—Ä–æ–º –∏–∑ –¥—Ä–æ–∂–∂–µ–≤–æ–≥–æ —Ç–µ—Å—Ç–∞ –º—è–≥–∫–∏–µ –≤ –¥—É—Ö–æ–≤–∫–µ,1.0
1767,–ø–æ—á–µ–º—É –≤ –¥—É–±–∞–µ –Ω–µ–ª—å–∑—è —Ñ–æ—Ç–æ–≥—Ä–∞—Ñ–∏—Ä–æ–≤–∞—Ç—å—Å—è –≥–æ–ª—ã–º,1.0
1907,x max ,1.0
1918,—ç–ª–ª–∏ –¥–∏,1.0
1926,–º–º —Ä—Ç —Å—Ç –≤ –±–∞—Ä,1.0
2067,—Ä–∞—Å–∫—Ä–∞—Å–∫–∞ –º–∞–∫—Å–∏–º —Å –≥–ª–∞–∑–∞–º–∏ —Ä–∞—Å–ø–µ—á–∞—Ç–∞—Ç—å,1.0
2129,—Ä–æ—Å—Ç –∞—Ä—Ç–µ–º–∞ –Ω–∏–∫–∏—Ç–∏–Ω–∞,1.0
2167,dolce gabbana —Ñ—É—Ç–±–æ–ª–∫–∞ –º—É–∂—Å–∫–∞—è,1.0
2227,resize bar,1.0
2275,—Å—Ç–∞–≤–∏—Ç—Å—è –ª–∏ –∑–∞–ø—è—Ç–∞—è –ø–µ—Ä–µ–¥ –ª–∏–±–æ,1.0
2315,–ø–æ–∑–¥—Ä–∞–≤–ª–µ–Ω–∏–µ –≤ –ø—Ä–æ–∑–µ –º—É–∂—á–∏–Ω–µ —Å –¥–Ω—ë–º —Ä–æ–∂–¥–µ–Ω–∏—è –≤ –ø—Ä–æ–∑–µ,1.0
2373,–ü–æ—á–µ–º—É –∏—Å—Ç–æ—Ä–∏—é –∂–∏–∑–Ω–∏ –Ω–æ–≤–æ–∑–µ–ª–∞–Ω–¥—Å–∫–æ–≥–æ —Ä–µ–≥–±–∏—Å—Ç–∞ –ö–∏—Ç–∞ –ú—ë—Ä–¥–æ–∫–∞ –Ω–∞–∑–≤–∞–ª–∏ ¬´—à–µ–∫—Å–ø–∏—Ä–æ–≤—Å–∫–æ–π —Ç—Ä–∞–≥–µ–¥–∏–µ–π¬ª? ,1.0
2435,the strain,1.0
2458,eur+to+rub,1.0
2523,https://drive.google.com/drive/folders/TAHgUzDgltrCXEgGAWLKGPAAtcpc?usp=sharing_eip,1.0
2584,—Ç–æ–º–∞—Ç —á–µ—Ä–Ω–∞—è –∫—Ä–∞—Å–∞–≤–∏—Ü–∞,1.0
2589,java int to string,1.0
2789,quantum bigfoot hard drive,1.0
2829,–ú–∞–∫—Å–∏–º –∏–º—è,1.0
2910,the boyz reveal —Å–∫–∞–Ω—ã,1.0
2913,ccs+to+chademo+adapter,1.0
2997,–ø–æ—á–µ–º—É —Ç–µ—â–∏ –Ω–µ–Ω–∞–≤–∏–¥—è—Ç –∑—è—Ç–µ–π,1.0
3041,—Ç—É—Ñ–ª–∏ –ª–∞—Ç–∏–Ω–∞,1.0
3141,the players must take out one bar at a time whoever loses the tower,1.0
3160,–º—Ç—Å-–±–∞–Ω–∫ –≤–∏—Ä—Ç—É–∞–ª—å–Ω–∞—è –∫–∞—Ä—Ç–∞,1.0
3217,–≤–¥–º- —Å–æ–¥–µ—Ä–∂–∞–Ω–∏–µ –¥—Ä–∞–≥–º–µ—Ç–∞–ª–ª–æ–≤,1.0
3267,–í –ø—Ä–æ–≥—Ä–∞–º–º–µ –¥–µ–∫–ª–∞—Ä–∞—Ü–∏–∏ –≥–¥–µ —É–∫–∞–∑–∞—Ç—å –¥–æ—Ö–æ–¥—ã  –≥. ,1.0
3327,time+web,1.0
3362,"–ó–∞–≤–æ–¥ –∏–∑–≥–æ—Ç–æ–≤–∏—Ç–µ–ª—å GM –∑–∞–ª–∏–≤–∞–µ—Ç –∞–Ω—Ç–∏—Ñ—Ä–∏–∑,–ª–∏–±–æ –ø—Ä–æ–±–µ–≥   –∫–∏–ª–æ–º–µ—Ç—Ä–æ–≤.",1.0
3410,nnm-club.to —Ç–æ—Ä—Ä–µ–Ω—Ç —Ç—Ä–µ–∫–µ—Ä,1.0
3421,Mr.+DNC+png+gif,1.0
3556,boon the tiny t rex free download,1.0
3632,I want to eat your pancreas,1.0
3655,Falskaar.black,1.0
3674,Lucky+Craft+LV++Max-+TO+Chart+Blue,1.0
3683,Turandot+Marton+Domingo+Levine,1.0
3687,suzuki grand vitara  —Å–≤–µ—á–∏ –∑–∞–∂–∏–≥–∞–Ω–∏—è,1.0
3693,—Ä–µ—Å—Ç–æ—Ä–∞–Ω –¥—é –ø–µ–π–Ω —Å–∞–º–∞—Ä–∞,1.0
3765,hdd to ssd migration tool free,1.0
3786,rebecca+black,1.0
3813,–§–∏–ª—å–º—ã –æ —Å–º–µ—Ä—Ç–Ω—ã—Ö –ø—Ä–∏–≥–æ–≤–æ—Ä–∞—Ö (–ø–æ–ª—å—à–∞),1.0
3870,the+quality+of+urban+life+is+considered+to+be+crucial,1.0
3892,–∞–ª–≥–µ–ª—å –º–∞–∫—Å–∏–º—É–º –¥–µ–∑–æ–¥–æ—Ä–∞–Ω—Ç-–∞–Ω—Ç–∏–ø–µ—Ä—Å–ø–∏—Ä–∞–Ω—Ç,1.0
4020,–∫—É–ø–∏—Ç—å –æ—Ä–µ—Ö–∏ —Ñ–∞–∫—Å–æ–≤–∞–Ω–Ω—ã–µ,1.0
4095,–í–Ω—É—Ç—Ä–µ–Ω–Ω—è—è —Å—Ç–µ–Ω–æ–≤–∞—è –ø–∞–Ω–µ–ª—å –¥–ª–∏–Ω–æ–π –¥–æ –º,1.0
4144,mr –ø—Ä–æ—à–∏–≤–∫–∏,1.0
4149,flash to,1.0
4186,–∞–ª—é–º–∏–Ω–∏–µ–≤–∞—è —Ç—Ä–µ—Ö—Å–µ–∫—Ü–∏–æ–Ω–Ω–∞—è –ª–µ—Å—Ç–Ω–∏—Ü–∞ ,1.0
4193,—Å–æ–¥–µ—Ä–∂–∞–Ω–∏–µ –∞–∑–æ—Ç–∞ –≤ –µ–¥–µ,1.0
4214,android studio add volley to project,1.0
4303,python+time+of+execution,1.0
4328,–ù–∞–¥–µ–∂–Ω–æ—Å—Ç—å –∑–∞—â–∏—Ç—ã –±–∞–Ω–∫–æ–≤—Å–∫–∏—Ö –∫–∞—Ä—Ç,1.0
4347,–ß–ò–°–¢–ê–Ø –í–û–î–ê –ü–ò–¢–¨,1.0
4358,—Å—é–∂–µ—Ç Life News –æ —Å–±–∏—Ç–æ–º BOING MH,1.0
4495,–∫–æ—Ä–æ–ª—å –∞—Ä—Ç—É—Ä  –ª–æ—Ä–¥,1.0
4584,–≤—Ä–µ–º—è –º–æ—Å–∫–æ–≤—Å–∫–æ–µ —Å —Å–µ–∫—É–Ω–¥–∞–º–∏ –æ–Ω–ª–∞–π–Ω,1.0
4618,—É–ø–∞–∫–æ–≤–∫–∞ ,1.0
4705,–ö–æ–≥–¥–∞ –∏ –ø–æ—á–µ–º—É –ö–∏—Ä–∏–ª–ª –ø—Ä–∏–µ—Ö–∞–ª –≤ –ö–æ–Ω—Å—Ç–∞–Ω—Ç–∏–Ω–æ–ø–æ–ª—å –ö–∞–∫–æ–µ –ø—Ä–æ–∑–≤–∏—â–µ –æ–Ω –ø–æ–ª—É—á–∏–ª –∏ –ø–æ—á–µ–º—É,1.0
4727,—Å–∞–º–æ–ª–µ—Ç—ã —Ç—É,1.0
4733,–≤–∞–ª–∏–¥–æ–ª –∫–∞–ø—Å—É–ª—ã,1.0
4754,üöò–ïÃÅ–î–ïÃÅ–ú –í –õ–êÃÅ–ú–ë–ûÃÅ,1.0
4781,hey someone is pretending to be you steam,1.0
4804,–ø–µ–Ω–¥–∂–∞–± —Ä–µ—Å—Ç–æ—Ä–∞–Ω,1.0
4843,Franz Liszt from the cradle to the grave,1.0
4861,—á–µ–ª–∞–∫ –º–∞–∫—Å–∏–º –≤–ª–∞–¥–∏–º–∏—Ä–æ–≤–∏—á,1.0
4894,-O Matic –∂–∏–≤–æ–π –∫–æ–Ω—Ü–µ—Ä—Ç,1.0
4938,jacob delafon struktura –º–æ–Ω—Ç–∞–∂,1.0
4994,don't be a menace to South Central,1.0
5073,sweet november enya only time,1.0
5093,"""–ü–æ—á–µ–º—É, –Ω–µ—Å–º–æ—Ç—Ä—è –Ω–∞ —Ç–æ —á—Ç–æ –ù–µ—Ñ–µ–¥ –∑–∞–º–µ—Ä–∑ –≤ –∑–∞—Å–Ω–µ–∂–µ–Ω–Ω–æ–º –ø–æ–ª–µ, –º—ã –ø–æ–Ω–∏–º–∞–µ–º, —á—Ç–æ –¥–æ–±—Ä–æ –≤–æ—Å—Ç–æ—Ä–∂–µ—Å—Ç–≤–æ–≤–∞–ª–æ –≤ —Ä–∞—Å—Å–∫–∞–∑–µ?",1.0
5203,life+of+jinjer,1.0
5290,—Å–æ–¥–µ—Ä–∂–∞–Ω–∏–µ –ø—Ä–∞–≤–æ–æ—Ç–Ω–æ—à–µ–Ω–∏—è —Å–æ—Å—Ç–∞–≤–ª—è—é—Ç,1.0
5299,Una+bella+governante+di+colore+,1.0
5366,A normal map appears to be using input image with incorrect gamma. This can cause shading artifacts.,1.0
5436,–ø–∞—Ä—É—Å —ç–ª–µ–∫—Ç—Ä–æ,1.0
5442,troll+face+everywhere+at+the+end+of+time,1.0
5500,–ü–û–ß–ï–ú–£ –ù–ï –í–ö–õ–Æ–ß–ê–ï–¢–° –ü –õ–ï–°–û–° –ï–°–õ–ò –ì–û–† –¢ –ò–ù–î–ò–ö–ê–¢–û–†,1.0
5523,–∫–æ—Ñ–µ –ë–∞—Ä–∏—Å—Ç–∞,1.0
5592,DCP-WR (Hi-Black),1.0
5606,windows failed to start,1.0
5686,—Å–∞–º–æ–ª–µ—Ç—ã: –æ–≥–æ–Ω—å –∏ –≤–æ–¥–∞ –º—É–ª—å—Ç—Ñ–∏–ª—å–º ,1.0
5751,–∫–æ—Ñ–µ –≤–∞—Ä–∫–∞,1.0
5853,–ª–∏—Ç–≤–∞ –∏—Ç–∞–ª–∏—è –ø—Ä–æ–≥–Ω–æ–∑,1.0
5906,–∫—É–±–∞ –≥–∞–≤–∞–Ω–∞,1.0
5961,gusttavo+lima+to+por+ai,1.0
6032,–∏–Ω—Å—Ç–∞–≥—Ä–∞–º –∏–Ω—Ç–∏ –∫–∞—Ñ–µ –∑–∞—è,1.0
6118,—Å–∫–∞—á–∞—Ç—å —Ö–∞–ª—Ñ –ª–∞–π—Ñ  —Å —Å–µ–∫—Å–æ–º,1.0
6153,–¥–∂–æ—Ä–¥–∞–Ω–∏ –≥–æ–ª–¥ –Ω–æ—Ç—Ç–µ,1.0
6402,jamie+lee+curtis+s+photoshoot,1.0
6540,:default:dates-calendar:[.. TO ..]:type:ONLINE,1.0
6547,the xx inf,1.0
6580,black decker  ADV,1.0
6653,compr√©hension √©crite avec des questions,1.0
6890,cache:eTKdb_OIJ:https://www.gramophone.co.uk/review/monteverdi-l-incoronazione-di-poppea+,1.0
6904,redmi max ,1.0
6956,–ø–æ–∑–¥—Ä–∞–≤–ª–µ–Ω–∏–µ —Å –¥–Ω—ë–º —Ä–æ–∂–¥–µ–Ω–∏—è –º—É–∂—á–∏–Ω–µ –≥–∏—Ñ–∫–∏,1.0
6964,text to url,1.0
6970,–∫–∞—Ä–∞–Ω–æ —Å–∞–Ω—Ç–æ—Å,1.0
6994,The Smashing Pumpkins ,1.0
7027,–∫–∞—Ä—Ç–∞ –∞–ª—Ç–∞–π—Å–∫–æ–≥–æ –∫—Ä–∞—è,1.0
7101,—Å–¥–µ–ª–∞—Ç—å –∫–æ–≥–æ-–ª–∏–±–æ –¥–æ–±—Ä—ã–º,1.0
7340,–≥–¥–µ —Ç–∞—Ä–æ,1.0
7372,–≥–æ–±–ª–∏–Ω –≥—Ä–∞–Ω—Ç  –º–ª–Ω,1.0
7385,–∫–∞—Ä—Ç–∞ —Å–∞—Ä–∞—Ç–æ–≤—Å–∫–æ–π –æ–±–ª–∞—Å—Ç–∏  —Ä–∞–π–æ–Ω–æ–≤,1.0
7392,–†–∞—Ñ–∞—ç–ª—å –î–µ –ù–∏—Ä–æ,1.0
7445,–∫–∏—Ç–∞–π—Å–∫–∏–π —Ä–µ—Å—Ç–æ—Ä–∞–Ω —Å–æ—á–∏,1.0
7468,holding time,1.0
7483,–∫–∞—Ñ–µ —É–Ω–∏–≤–µ—Ä—Å–∏—Ç–µ—Ç—Å–∫–æ–µ –ø—Ä–æ–º–æ–∫–æ–¥,1.0
7505,–î–µ –ì–æ–ª–ª—å —Ñ–∏–ª—å–º –í–∏–∫–∏–ø–µ–¥–∏—è,1.0
7534,–±—É–∫–∏–Ω–≥ –≥–æ—Å—Ç–∏–Ω–∏—Ü–∞ la enchanted water mae,1.0
7554,—Ç–µ—Ö –∫–∞—Ä—Ç–∞ —á–∏—Å–ª–æ ,1.0
7660,–∫–∞—Ä—Ç–∞ –∞–≤—Ç–æ–¥–ª–æ–ª–≥ –Ω–∞  . –≤ –µ–∫–∞—Ç–µ—Ä–∏–Ω–±—É—Ä–≥–µ,1.0
7682,—Ä–µ—Å—Ç–æ—Ä–∞–Ω Lounge Cafe –¢–æ–∫–∏–æ –≤ –º–æ—Å–∫–≤–µ,1.0
7690,Tsuki+to+Hanataba,1.0
7723,–∫–æ–∫–æ –¥–∏ —Ç—Ä–µ–π–ª–µ—Ä,1.0
7740,–Ω–æ—Å–æ–≤ —Ç—Ä–∏–¥—Ü–∞—Ç—å –∑–µ—Ä–µ–Ω –∫—Ä–∞—Ç–∫–æ–µ —Å–æ–¥–µ—Ä–∂–∞–Ω–∏–µ,1.0
7741,–º–æ–∫–∫–æ —Ü–≤–µ—Ç –≤–æ–ª–æ—Å,1.0
7828,–∫–∞—Ñ–µ –∏—Ç–∞–ª—å—è–Ω—Ü—ã –º–∞–ª—ã—à–µ–≤–∞ ,1.0
7852,–º–∞–∫—Å–∏–º –ª–∞–≥–∞—à–∫–∏–Ω,1.0
7861,Couldn't make the texture a shader resource because it was created with the wrong access flag.,1.0
7961,–ª–∏–≤–∞–¥–∏—è –∫–∞—Ä—Ç–∞ –æ—Ç–µ–ª–µ–π,1.0
8073,–∏–Ω—Ñ–æ–≥—Ä–∞—Ñ–∏–∫—Å —à–æ—É –ø–æ—á–µ–º—É  –±—ã–ª –ª—É—á—à–∏–º –≥–æ–¥–æ–º,1.0
8089,–∫–∞—Ä—Ç–∞ —Ä—ã–±–∏–Ω—Å–∫–æ–≥–æ –≤–æ–¥–æ—Ö—Ä–∞–Ω–∏–ª–∏—â–∞ –¥–æ –∑–∞—Ç–æ–ø–ª–µ–Ω–∏—è,1.0
8176,–ø–µ—Ç–µ—Ä–≥–æ—Ñ –º–µ–¥ –Ω–∞ —Ä–∞–∑–≤–æ–¥–Ω–æ–π,1.0
8218,"- –°–∫–æ–≤–æ—Ä–æ–¥–∞ —Å ""–º—Ä–∞–º–æ—Ä–Ω—ã–º"" –ø–æ–∫—Ä—ã—Ç–∏–µ–º (—Å–º, –±/–∫—Ä—ã—à–∫–∏) –õ–∞—Ç—Ç–µ",1.0
8323,—Ö—Ä–∞–Ω–µ–Ω–∏–µ –∏ —Å–∫–ª–∞–¥–∏—Ä–æ–≤–∞–Ω–∏–µ –∑–µ—Ä–Ω–∞ –æ—Ç—Ä–∞—Å—å–± –∞–ø–∫,1.0
8451,kingsman+the+golden+circle+p,1.0
8460,–º—è–≥–∫–∏–µ —Ä–µ—Å—Ç–æ—Ä–∞–Ω—ã —É–ª –ë–∞–ª—Ç–∏–π—Å–∫–∞—è  –±–∞—Ä–Ω–∞—É–ª,1.0
8473,–±–∞—Ö–º–∞—Ä–æ –Ω–∞–ø–∏—Ç–æ–∫,1.0
8483,Cayin+N+Brass+Black,1.0
8547,–ø–æ—á–µ–º—É –º—ã —Å—Ä–∞–∂–∞–µ–º—Å—è,1.0
8557,sweden icon flag px,1.0
8561,party+system,1.0
8594, —Ä—É–±–ª—å. –£–ø–∞–∫–æ–≤–∫–∞.  nehutytd,1.0
8596,book black edge,1.0
8624,—Å–∫–∞—á–∞—Ç—å welcome to the cumzone,1.0
8631,how do u have the confidence to vc-,1.0
8633,–ø–æ—á–µ–º—É –Ω–µ –±—ã–≤–∞–µ—Ç —Ç—Ä–µ—Ö—Ü–≤–µ—Ç–Ω—ã—Ö –∫–æ—Ç–æ–≤,1.0
8720,Here's To You (Copasetic Con Vivi E Selda Remix),1.0
8768,Text-to-Speech (TTS): yandex_station_say git,1.0
9005,–Ω–æ—Ä–º–∞—Ç–∏–≤—ã —Å–æ–¥–µ—Ä–∂–∞–Ω–∏–µ –º–æ–ø –ª–µ–Ω–∏–Ω–≥—Ä–∞–¥—Å–∫–∞—è –æ–±–ª–∞—Å—Ç—å,1.0
9026,")–û—Ç–∫—Ä—ã–≤–∞—è –≤ –†–æ—Å—Å–∏–∏ —É–Ω–∏–≤–µ—Ä—Å–∏—Ç–µ—Ç –ø—Ä–∏ –ê–∫–∞–¥–µ–º–∏–∏ –Ω–∞—É–∫, –ü—ë—Ç—Ä I –±—Ä–∞–ª –ø—Ä–∏–º–µ—Ä —Å –ï–≤¬≠—Ä–æ–ø—ã, –≥–¥–µ —É—á–µ–±–Ω—ã–µ –∑–∞–≤–µ–¥–µ–Ω–∏—è, –≤—ã–ø—É—Å–∫–∞–≤—à–∏–µ –ª—é–¥–µ–π, —Å–≤–µ–¥—É—â–∏—Ö –≤ —Ä–∞–∑–Ω—ã—Ö –æ–±–ª–∞—Å—Ç—è—Ö –∑–Ω–∞–Ω–∏—è, –ø–æ—è–≤–∏–ª–∏—Å—å —É–∂–µ –¥–∞–≤–Ω–æ. ()–î–æ–ª–≥–æ –≥–ª–∞–≤–Ω—ã–º–∏ —É—á–µ–±–Ω—ã–º–∏ —Ü–µ–Ω—Ç—Ä–∞–º–∏ –≤ –ó–∞–ø–∞–¥–Ω–æ–π –ï–≤—Ä–æ–ø–µ –±—ã–ª–∏ –º–æ–Ω–∞—Å—Ç—ã—Ä—Å–∫–∏–µ —à–∫–æ–ª—ã, –≤–º–µ—Å—Ç–µ —Å —Ç–µ–º –≤ –≥–æ—Ä–æ–¥–∞—Ö —É—á—ë–Ω—ã–µ –ª—é–¥–∏ —Ç",1.0
9068,–¶–ï–ù–¢–† –¢–ï–ü–õ–ò–¶ –ê—Ä—Ç—É—Ä,1.0
9156,–≥—Ç–∞ –ª–∏–±–µ—Ä—Ç–∏ —Å—Ç–æ—Ä–∏–µ–∑ –∫–∞—Ä—Ç–∞ –±–∞–Ω–¥,1.0
9157,–∑–≤–µ–∑–¥–∞ –∞—Ä–∫—Ç—É—Ä –≤ –Ω–∞—Ç–∞–ª—å–Ω–æ–π –∫–∞—Ä—Ç–µ —Ä–∞—Å—Å—á–∏—Ç–∞—Ç—å,1.0
9188,genshin impact react to kaeya,1.0
9199,–¥—Ä–µ–≤–Ω—è—è –∫–∞—Ä—Ç–∞ –æ—Å—Ç—Ä–æ–≤–∞ –∫–∏–ø—Ä,1.0
9218,—Ä–µ—Å—Ç–æ—Ä–∞–Ω –¥–ª—è —é–±–∏–ª–µ—è –≤ –ø–µ—Ç–µ—Ä–≥–æ—Ñ–µ,1.0
9252,—Ö—Ä–∞–º –Ω–æ–≤–æ–ø–µ—Ä–µ–¥–µ–ª–∫–∏–Ω–æ –ø–∞—Ç—Ä–∏–∞—Ä—à–µ–µ –ø–æ–¥–≤–æ—Ä—å–µ,1.0
9313,–≥–µ–Ω–µ—Ä–∞–ª—å–Ω—ã–π –ø–ª–∞–Ω –≥–æ—Ä–æ–¥–∞ —É–ª—å—è–Ω–æ–≤—Å–∫–∞. –∫–∞—Ä—Ç–∞ —Ñ—É–Ω–∫—Ü–∏–æ–Ω–∞–ª—å–Ω—ã—Ö –∑–æ–Ω,1.0
9315,the best v,1.0
9317,fleshlight+videos++days+free,1.0
9327,–∫—É–Ω–≥—É—Ä —É—Å—Ç—å —Ç—É—Ä–∫–∞,1.0
9342,KeyPad black ajax,1.0
9348,–¥–∑–µ—Ä–∂–∏–Ω—Å–∫ –º–æ—Å–∫–æ–≤—Å–∫–æ–µ —à–æ—Å—Å–µ ,1.0
9363,–∫–∞—Ä—Ç–∞ —Ö–æ–≥–≤–∞—Ä—Ü–∞,1.0
9517,the+abandoned+sites,1.0
9545,the+lancet,1.0
9560,free-kassa,1.0
9561,fight+or+flight+homeostasis,1.0
9595,"DAKOOKA, –ù—é–¥–æ–≤—ã–π –ß—ë—Å feat. Lamento Di Lava  –ì–æ—Ä–∏",1.0
9620,back to sorrow ziggy sullivan —Ç–µ–∫—Å—Ç,1.0
9630,somebody to love,1.0
9689, —Ä–µ–∞–ª–æ–≤. –∏—Å–ø–∞–Ω–∏—è  ag —à–≤–µ–π—Ü–∞—Ä–∏—è,1.0
9794,—Ç–∏—Ö–æ—Ä–µ—Ü–∫ –≤–æ–¥–∞ –≤–∫—É—Å–Ω–∞—è,1.0
9813,–ù–∞–ø—Ä–∞–≤–ª—è—é—â–∞—è Quadro  –º–º V c –¥–µ–º–ø—Ñ–µ—Ä–æ–º Silent System –∞—Ä—Ç. ,1.0
9860,CE  R.  J —Ä–∞–∑—Ä—è–¥–Ω–æ—Å—Ç—å –¥–æ –∑–∞–ø—è—Ç–æ–π,1.0
9875,lets take a look at some of the options,1.0
9895,–∫—Ä–∞—Ç—á–∞–π—à–µ–µ —Å–æ–¥–µ—Ä–∂–∞–Ω–∏–µ –º–∞–ª—å—á–∏–∫–∏,1.0
9920,"–•–∞–ª–∞–Ω—Å–∫–∞—è –í.–ê., –°–∏—Ç–Ω–∏–∫–æ–≤–∞ –ú.–ê. –°–æ–¥–µ—Ä–∂–∞–Ω–∏–µ –∏ –º–µ—Ç–æ–¥–∏–∫–∞ –ø—Å–∏—Ö–æ—Å–æ—Ü–∏–∞–ª—å–Ω–æ–π —Ä–∞–±–æ—Ç—ã –≤ —Å–∏—Å—Ç–µ–º–µ —Å–æ—Ü–∏–∞–ª—å–Ω–æ–π —Ä–∞–±–æ—Ç—ã",1.0
9952,–±–µ—Ä—ë–∑–∫–∞ –∫–∞—Ñ–µ –≤ –≥–æ–ª—å—è–Ω–æ–≤–æ,1.0
9999,–ø–µ—Å–Ω–∏ —Ä–∞–¥–∏–æ –¥–∏ —Ñ–º ,1.0
10046,–ª–∞ –ª–∞ –ª–µ–Ω–¥ —Å–º–æ—Ç—Ä–µ—Ç—å,1.0
10103,css+image+max+width+height+aspect+ratio,1.0
10126,–∫ –∂–∏–≤—ã–µ –æ–±–æ–∏ –Ω–∞ –ø–∫,1.0
10218,–≥–µ–Ω—Ä–∏ –¥–µ –º–æ–Ω—Ç–µ—Ä–ª–∞–Ω,1.0
10220,–±—É—Ä–∞–∫–æ–≤–∞  –∫. –∫–∞—Ä—Ç–∞ —è–Ω–¥–µ–∫—Å,1.0
10259,–∏–Ω–¥–∏–π—Å–∫–∏–π —Ñ–∏–ª—å–º —Ä–≤–µ—Ç –¥—É—à–∏ –¥–æ –∫–∞–ø—Ä–∏–∑–∞,1.0
10278,Royal Kuchen grinder-RK,1.0
10310,kiko milano –∫—É–ø–∏—Ç—å,1.0
10394,–∑–∞–±–æ—Ä la vella —Å–µ—Ä–∏–∞–ª  —Å–∫–∞—á–∞—Ç—å —Ç–æ—Ä—Ä–µ–Ω—Ç,1.0
10447,–ø–æ—á–µ–º—É –≤—Ä–∞—á–µ–π –Ω–∞–∑—ã–≤–∞—é—Ç —ç—Å–∫—É–ª–∞–ø–∞–º–∏,1.0
10454,—Å–∞–∫—É—Ä–∞ —Ö–∞—Ä—É–Ω–æ –∞—Ä—Ç –≤ –ø–æ–ª–Ω—ã–π —Ä–æ—Å—Ç,1.0
10463,–ø—Ä–æ–±–æ–æ—Ç–±–æ—Ä–Ω–∏–∫ —É—Å—Ç—Ä–æ–π—Å—Ç–≤–∞ –∑–µ—Ä–Ω–∞,1.0
10510,–ø–æ—á–µ–º—É –≤—Å–µ –∏–∑–æ–±—Ä–∞–∂–µ–Ω–∏—è –≤ —Ä–æ–∑–æ–≤–æ–º —Ü–≤–µ—Ç–µ,1.0
10523,—á–µ—Ä–Ω–∞—è —Å–º–æ—Ä–æ–¥–∏–Ω–∞ –Ω–∞—Ä–∞,1.0
10532,—Ç—Ä–∏–ø —Ç—É –¥—Ä–∏–º,1.0
10562,–º–Ω–æ–≥–æ–∫–≤–∞—Ä—Ç–∏—Ä–Ω—ã–π –¥–æ–º –ø—Ä–∏–∑–Ω–∞–Ω –≤–µ—Ç—Ö–∏–º —Å—Ç—Ä–æ–∫–∏ —Å–æ–¥–µ—Ä–∂–∞–Ω–∏–µ –∏ —Ä–µ–º–æ–Ω—Ç –∂–∏–ª—å—è –Ω–µ—Ç —á—Ç–æ —ç—Ç–æ –∑–Ω–∞—á–∏—Ç,1.0
10661,"Call to undefined function ""wc_get_page_id()""",1.0
10686,–ø–æ—Ä—Ç—É–≥–∞–ª–∏—è   —Å–µ–Ω—Ç–∞–≤–æ,1.0
10702,–ø–æ—á–µ–º—É —á–µ—Ä–µ–∑ –º–µ–º–±—Ä–∞–Ω—É –Ω–µ –ø—Ä–æ—Ö–æ–¥—è—Ç –∏–æ–Ω—ã,1.0
10722,the-weeknd-blinding-lights,1.0
10910,–æ—Ä–ª–∏–∫ —ç–Ω–µ—Ä–µ –Ω—É–∞—Ä,1.0
10963,sands of time —Ä–∞–∑—Ä—É—à–µ–Ω–Ω—ã–π –º–æ—Å—Ç,1.0
11041, –≥—É–≥–ª –∫–∞—Ä—Ç–∞ –Ω–æ–≥–∏–Ω—Å–∫ —É–ª –∫–æ–ª–ª–µ–∫—Ç–∏–≤–Ω–∞—è ,1.0
11085,–∑–µ–º–ª—è –æ–±–µ—Å–ø–ª–æ–¥..–ª–∞,1.0
11116,"–ø–æ—á–µ–º—É –≤ –ª–∏—á–Ω–æ–º –∫–∞–±–∏–Ω–µ—Ç–µ —Ä–æ—Å–ø—Ä–∏—Ä–æ–¥–Ω–∞–¥–∑–æ—Ä–∞ —Å—Ç–∞—Ç—É—Å –¥–µ–∫–ª–∞—Ä–∞—Ü–∏–∏ –ù–í–û–° ""–æ–∂–∏–¥–∞–µ—Ç –æ—Ä–∏–≥–∏–Ω–∞–ª–∞""",1.0
11162,mac+os+VM+ware,1.0
11205,unicum –∂–∏—Ä–æ—É–¥–∞–ª–∏—Ç–µ–ª—å gold ,1.0
11219,–∫–∞–∫ —è —Å—ä–µ–ª —Å–æ–±–∞–∫—É –∫—Ä–∞—Ç–∫–æ–µ —Å–æ–¥–µ—Ä–∂–∞–Ω–∏–µ,1.0
11258,Hi-Black (HB-CFX),1.0
11270,–ø–æ—á–µ–º—É –æ–ø–∞–¥–∞—é—Ç –ª–∏—Å—Ç—å—è —É –º–∏–Ω–¥–∞–ª—è,1.0
11304,subnautica –∞–ª—å—Ç–µ—Ä–Ω–∞—Ç–∏–≤–Ω—ã–π —Ñ–∏–Ω–∞–ª,1.0
11407,–ê–∫—Ç–∏–≤–Ω–∞—è –ø–µ–Ω–∞ Luxus Professional  –ö–æ–≤—Ä–æ—á–∏—Å—Ç,1.0
11479,–∫—Ä–µ–∞—Ç–∏–Ω –∫–∞–ø—Å—É–ª—ã,1.0
11598,–Ω–æ—Ç–µ—Ä –¥–∞–º –¥–µ –ø–∞—Ä–∏,1.0
11616,free dire –∫–∞—Ä—Ç–∞ —Å–º–µ–Ω—ã –∏–º–µ–Ω–∏,1.0
11617,–∫–∞—Ä—Ç–∞ –µ–≤–ø–∞—Ç–æ—Ä–∏—è,1.0
11726,–ø–æ—á–µ–º—É –±–æ–ª–∏—Ç –ª–µ–≤—ã–π –ª–æ–∫–æ—Ç—å –∏ –Ω–æ–µ—Ç,1.0
11743,—Å–æ–ª–¥–∞—Ç—Å–∫–∞—è  –∫–∞—Ñ–µ,1.0
11782,–ø–æ—á–µ–º—É –≤—ã–ª–µ—Ç–∞–µ—Ç –ø—Ä–æ—Ç–µ—É—Å ,1.0
11788,–∫–∞—Ä—Ç–∞ –µ–∫–∞—Ç–µ—Ä–∏–Ω–±—É—Ä–≥–∞ –ø–æ —Ä–∞–π–æ–Ω–∞–º,1.0
11861,how+to+pronounce+timetables,1.0
11915,–∫–∞–∫ —É–±—Ä–∞—Ç—å –∂–∏–≤–æ—Ç –º—É–∂—á–∏–Ω–µ,1.0
11937,"–ù–∞–∫–æ–ø–∏—Ç–µ–ª—å SSD SAS IBM System Storage ,Tb G U SAS ,"" for Storwize V Gen (AC)",1.0
12010,le tarti macarons,1.0
12047,mr.robot  —Å–∫–∞—á–∞—Ç—å —Å —Ç–æ—Ä—Ä–µ–Ω—Ç–∞,1.0
12088,"Today, my heart stopped for a couple of seconds... I could smell you...",1.0
12126,–º–æ—Å–∫–æ–≤—Å–∫–æ–µ –∑–¥–æ—Ä–æ–≤—å–µ –∑–µ–ª–µ–Ω–æ–≥—Ä–∞–¥,1.0
12161,https://drive.google.com/drive/folders/tIfDkNGDkdswSDgMfnymoJuWCWpgXT?usp=sharing,1.0
12366,–±–∞–ª—Ç–∏–π—Å–∫–∞—è —Å–ª–æ–±–æ–¥–∞,1.0
12424,–∫–∞—Ä—Ç–∞ –∞—Ñ–≥–∞–Ω–∏—Å—Ç–∞–Ω–∞ —Å –ø—Ä–æ–≤–∏–Ω—Ü–∏—è–º–∏ –Ω–∞ —Ä—É—Å—Å–∫–æ–º,1.0
12493,–ø–µ—Ä–µ—Ü –¥–ª—è –ø–æ—Ö—É–¥–µ–Ω–∏—è –∫–∞–ø—Å—É–ª—ã –∏–Ω—Å—Ç—Ä—É–∫—Ü–∏—è –∫—É–ø–∏—Ç—å,1.0
12530,–Ω–æ—á—ë–≤–∫–∞ –ø–æ—á–µ–º—É –ø–∏—à–µ—Ç—Å—è —ë,1.0
12567,the end of the affair book,1.0
12604,–≥–ª–∞–≤–∞ –§–æ–Ω–¥–∞ –∑–∞—â–∏—Ç—ã –Ω–∞—Ü–∏–æ–Ω–∞–ª—å–Ω—ã—Ö —Ü–µ–Ω–Ω–æ—Å—Ç–µ–π –ú–∞–∫—Å–∏–º –®—É–≥–∞–ª–µ–π.,1.0
12704,—á–∞–π —Å –ø–æ–¥–∞—Ä–æ—á–Ω—ã–π –Ω–∞–±–æ—Ä,1.0
12726,Free Website Host,1.0
12744,–∫–∞—Ä—Ç–∞ –Ω–∞—Ä—Ç–∫–∞–ª—ã —Å —É–ª–∏—Ü–∞–º–∏ –∏ –Ω–æ–º–µ—Ä–∞–º–∏,1.0
12748,—à–∞—Ä–∏–π —é—Ç—É–± –ø–æ—á–µ–º—É –Ω–µ—Ç –≤–∏–¥–µ–æ,1.0
12749,aeropress –∫–æ—Ñ–µ,1.0
12888,rustih –∞–Ω–∞–ª–∏–∑  –í —á–∞—Å—ã –∑–∞–±–∞–≤ –∏–ª—å –ø—Ä–∞–∑–¥–Ω–æ–π —Å–∫—É–∫–∏,1.0
12937,The Unholy Child,1.0
12972,heic to png,1.0
13023,—Å–æ–¥–µ—Ä–∂–∞–Ω–∏–µ –∏ –æ–≥–ª–∞–≤–ª–µ–Ω–∏–µ –æ–¥–Ω–æ –∏ —Ç–æ –µ –∏–ª–∏ –Ω–µ—Ç –∫–∞–∫ –≤—ã–≥–ª—è–¥–∏—Ç,1.0
13059,The Collapse: A Political Simulator,1.0
13149,–∑–æ–ª–æ—Ç–æ –¥–∏–π–∫—Å—Ç—Ä—ã,1.0
13152,–æ—Ä–µ–Ω–±—É—Ä–≥ –º—É—Å–∞ –¥–∂–∞–ª–∏–ª—è  –∫–∞—Ä—Ç–∞,1.0
13197,–ø–æ—á–µ–º—É –∫–æ–≥–¥–∞ –ø–µ—Ä–µ–Ω–æ—Å–∏—à—å —Å —Ñ–ª—ç—à–∫–∏ –¥–æ—Ö–æ–¥–∏—Ç –¥–æ –∫–æ–Ω—Ü–∞ –∏ –Ω–∞ –ø–æ—Å–ª–µ–¥–Ω–µ–º —ç–ª–µ–º–µ–Ω—Ç–µ –∑–∞–≤–∏—Å–∞–µ—Ç,1.0
13246,"–ù–∞–ø–∏—à–∏—Ç–µ –ø—Ä–æ–≥—Ä–∞–º–º—É, –∫–æ—Ç–æ—Ä–∞—è —Å—á–∏—Ç—ã–≤–∞–µ—Ç –∑–Ω–∞—á–µ–Ω–∏—è –¥–≤—É—Ö –ø–µ—Ä–µ–º–µ–Ω–Ω—ã—Ö a –∏ b, –∑–∞—Ç–µ–º –º–µ–Ω—è–µ—Ç –∏—Ö –∑–Ω–∞—á–µ–Ω–∏—è –º–µ—Å—Ç–∞–º–∏ –∏ –≤—ã–≤–æ–¥–∏—Ç –∏—Ö –∑–Ω–∞—á–µ–Ω–∏—è –Ω–∞ —ç–∫—Ä–∞–Ω. –î–∞–Ω–Ω—É—é –∑–∞–¥–∞—á—É –Ω–µ–æ–±—Ö–æ–¥–∏–º–æ —Ä–µ—à–∏—Ç—å –±–µ–∑ –∏—Å–ø–æ–ª—å–∑–æ–≤–∞–Ω–∏—è –∫–∞–∫–∏—Ö-–ª–∏–±–æ –ø–µ—Ä–µ–º–µ–Ω–Ω—ã—Ö, –∫—Ä–æ–º–µ a –∏ b.  –ù–∞—á–∞–ª–æ –∏ –∫–æ–Ω–µ—Ü –ø—Ä–æ–≥—Ä–∞–º–º—ã —É–∂–µ –∑–∞–¥–∞–Ω—ã –≤ —Å–∏—Å—Ç–µ–º–µ, –≤–∞–º –Ω–µ–æ–±—Ö–æ–¥–∏–º–æ —Å–¥–∞—Ç—å —Ñ—Ä–∞–≥–º–µ–Ω—Ç –∫–æ–¥–∞, –∫–æ—Ç–æ—Ä—ã–π –±—É–¥–µ—Ç –≤—Å—Ç–∞–≤–ª–µ–Ω —Å–∏—Å—Ç–µ–º–æ–π –≤ –ø—Ä–æ–≥—Ä–∞–º–º—É –≤–º–µ—Å—Ç–æ –º–Ω–æ–≥–æ—Ç–æ—á–∏—è.",1.0
13260,—è–Ω–¥–µ–∫—Å –∫–∞—Ä—Ç–∞ –º–æ—Å–∫–≤—ã –∏ –º–æ—Å–∫–æ–≤—Å–∫–æ–π –æ–±–ª–∞—Å—Ç–∏,1.0
13372,the spore ,1.0
13391,–ø–æ—á–µ–º—É –≤ –º–∏—Ç—Å—É–±–∏—Å–∏ —Ö–µ–≤–∏ –æ—Ç–∫–ª—é—á–∞–µ—Ç—Å—è –≤–µ–Ω—Ç–∏–ª—è—Ç–æ—Ä,1.0
13461,gold+hunter+t+frogman,1.0
13503,windows  —á—ë—Ä–Ω—ã–π —ç–∫—Ä–∞–Ω –∏ –∫—É—Ä—Å–æ—Ä,1.0
13539,–∫–æ–ª–æ–º–±–æ  —Å–µ–∑–æ–Ω  —Å–µ—Ä–∏—è,1.0
13730,—Ä–µ—Ç–∏–Ω–æ–ª –≤–∏—Ç–∞–º–∏–Ω –µ –∫–∞–ø—Å—É–ª—ã,1.0
13731,lets dance –∞—à–º—É,1.0
13736,–æ–∫—Å–∞–Ω–∞ –±–∞—Ä,1.0
13799,–ñ–µ—Ç–æ–Ω –û–ë–©–ï–°–¢–í–ê –ê–ù–û–ù–ò–ú–ù–´–• –ê–õ–ö–û–ì–û–õ–ò–ö–û–í –†–æ—Å—Å–∏—è –¥–æ,1.0
13883,.+Facile+and+efficient+method+for+the+debromination+of+vic-dibromides+to+alkenes+with+BiCl/Ga+sy,1.0
13965,—Å–æ—Å—É–¥—ã –ø–æ–¥ –¥–∞–≤–ª–µ–Ω–∏–µ–º –¥–æ  –±–∞—Ä,1.0
14079,Juzou+the+Drunkard+manitou,1.0
14124,–±–∞—Ä –≤ –∫–æ—Å—É–ª–∏–Ω–æ –±–µ—Ä–ª–æ–≥–∞,1.0
14147,Into+The+Haze,1.0
14164," –ø—å–µ—Å—ã –¥–ª—è —Ñ–æ—Ä—Ç–µ–ø–∏–∞–Ω–æ (), Op.  –ü—ë—Ç—Ä –ò–ª—å–∏—á –ß–∞–π–∫–æ–≤—Å–∫–∏–π",1.0
14301,—à–∞—Ä–ª—å –¥–µ –±—Ä–æ—Å—Å —Ä–∞—Å—Å—É–∂–¥–µ–Ω–∏—è –æ –º–µ—Ö–∞–Ω–∏—á–µ—Å–∫–æ–º,1.0
14305,Stab+the+Jew,1.0
14311,–∫–∞–∫ —Å–±–µ—Ä–µ—á—å –≤ –∑–∏–º—É —è–±–ª–æ–Ω—é —Ä–æ—è–ª –±—å—é—Ç–∏,1.0
14319,–ß—ë—Ä–Ω–∞—è –≠–Ω–µ—Ä–≥–µ—Ç–∏–∫–∞,1.0
14360,What+is+something+I+wish+I+had+to+do,1.0
14421,free+coins,1.0
14448,presets for matlab free,1.0
14457,edilingua progetto italiano  quaderno degli esercizi chiavi,1.0
14472,y a pas d'h√©lice helas c'est la qu'est l'os figure de style,1.0
14569,–æ–ª–∏–º–ø–∏–π—Å–∫–æ–µ –∑–æ–ª–æ—Ç–æ,1.0
14632,conan exiles –≥–¥–µ –Ω–∞–π—Ç–∏ –∑–æ–ª–æ—Ç–æ ,1.0
14693,–ü–æ—á–µ–º—É –∞–Ω–∏–º–µ –≥–æ–≤–Ω–æ,1.0
14700,—Ä–µ–¥—à–∏—Ä –∫–∞—Ä—Ç–∞ wot,1.0
14721,return to castle wolfenstein —Ö—Ä–æ–Ω–æ–ª–æ–≥–∏—è –∏–≥—Ä,1.0
14724,Failed to load mono —Ç–∞—Ä–∫–æ–≤,1.0
14725,windows+backup+restore+system+image,1.0
14767,The+Last+Summoner,1.0
14854,how to –∞—à—Ç–≤ –¥—à—Ç—É—ã —â–∞ –∞—à–¥—É –∏—Ñ—ã—Ä,1.0
14860,—ç–ª–µ–∫—Ç—Ä–æ–ø–æ–µ–∑–¥ —Å –∞–¥–ª–µ—Ä –¥–æ –ª–æ–æ –ø–µ—Ä–≤—ã–π —É—Ç—Ä–µ–Ω–Ω–∏–π —Ä–∞—Å–ø–∏—Å–∞–Ω–∏–µ,1.0
14874,–ø–∞—Ä—É—Å–Ω–∏–∫ –º–∏—Ä –≥–¥–µ —Å–µ–π—á–∞—Å –Ω–∞—Ö–æ–¥–∏—Ç—Å—è,1.0
14895,tito+tarantula+por+la+noche+,1.0
14906,mr-d-sign.ru,1.0
14910,–ë–µ–Ω–¥–µ—Ä: –ó–æ–ª–æ—Ç–æ –∏–º–ø–µ—Ä–∏–∏ —Å–∫–∞—á–∞—Ç—å,1.0
14918,python —Ñ–æ—Ä–º–∞—Ç–µ—Ä—ã black,1.0
14919,—Å–µ—Ä–∏–∞–ª The Panthers,1.0
14982,–º–∞—Ç–≤–µ–µ–≤ –º–∞–∫—Å–∏–º –∞–∫—Ç–µ—Ä –≤–∏–∫–∏–ø–µ–¥–∏—è,1.0
15003,–ø–æ—á–µ–º—É dorofeeva dj kr,1.0
15019,HIPER+ORO-RGB,1.0
15030,"–†–û–ó–ê –ü–õ–ï–¢–ò–°–¢–ê–Ø ""–ú–û–ù –ñ–ê–†–î–ï–ù –≠ –ú–ê –ú–ï–ó–û–ù""",1.0
15040,–ñ–∞–∫–µ—Ç Mayoral,1.0
15082,java+hex+string+to+byte+array,1.0
15150,–∫–∞—Ä—Ç–∞ —Å—ã–µ–Ω–¥—É–∫–∞ —Ç–∏–Ω—å–∫–æ—Ñ—Ñ,1.0
15240,–∑–∞–ø—Ä–æ—Å —Å —Å–æ–¥–µ—Ä–∂–∏—Ç,1.0
15243,"–∫–∞—Ä–∞–≤–∞–µ–≤—Å–∫–∞—è —É–ª., –∫ –∫–∞–¥–∞—Å—Ç—Ä–æ–≤–∞—è –∫–∞—Ä—Ç–∞",1.0
15257,"Watts D. Political Communication Today. Manchester etc., .",1.0
15305,–°–¢–ê–†–¢–û–í–´–ô –ù–ê–ë–û–†: LOGIC COMPACT –ß–ï–†–ù–û–ì–û –¶–í–ï–¢–ê –ò  –°–ú–ï–ù–ù–´–ï –ö–ê–ü–°–£–õ–´ .%,1.0
15339,std –Ω–µ —Å–æ–¥–µ—Ä–∂–∏—Ç —á–ª–µ–Ω–∞ hardware_constructive_interference_size,1.0
15364,–∏–Ω–∏—Ü–∏–∞–ª –¥–∏,1.0
15524,–ö–∞–∫ –ø–æ–Ω—è—Ç—å –≥–¥–µ –∏—Å–ø–æ–ª—å–∑–æ–≤–∞—Ç—å –æ–±–æ—Ä–æ—Ç be going to,1.0
15582,Evening+Star+Grand+Flying+Machines,1.0
15597,system of a down chop suey —Å–∫–∞—á–∞—Ç—å,1.0
15625,Kai Tracid ‚Äî Life Is Too Short,1.0
15671,The package was empty,1.0
15710,–∏–≥–æ—Ä—å —Ñ–µ—Å—É–Ω–µ–Ω–∫–æ –ø–µ–ª–µ –≥–∞—Ä—Ä–∏–Ω—á–∞ —Ñ—É—Ç–±–æ–ª,1.0
15765,—Å—Ç–∞–≤–∫–∏ —Ç—É—Ä—Ü–∏—è –∏—Ç–∞–ª–∏—è  –∏—é–Ω—è,1.0
15861,how+to+interview+preintermediate,1.0
15910,japan+world+cup+locker+room+clean,1.0
15915,your+turn+to+die+manga,1.0
15926,"The term 'Get-PSSnapin' is not recognized as a name of a cmdlet, function, script file, or executable program. Check the spelling of the name, or if a path was included, verify that the path is correct and try again.",1.0
15998,https://drive.google.com/drive/folders/VrLIXAFznEkhuUmCexFXDyghWHHeYqZ?usp=sharing_eip_dm,1.0
16002, min english get used to,1.0
16030,—Å –¥–Ω—ë–º —Ä–æ–∂–¥–µ–Ω–∏—è –≤–æ–µ–Ω–Ω–æ–º—É –º—É–∂—á–∏–Ω–µ,1.0
16096,miyagi —ç–Ω–¥—à–ø–∏–ª—å listen to your heart,1.0
16171,–ø–æ—á–µ–º—É –Ω–µ –ø—Ä–æ–∏—Å—Ö–æ–¥–∏—Ç —ç—è–∫—É–ª—è—Ü–∏–∏,1.0
16191,–∑–µ–ª–µ–Ω—ã–π —á–∞–π –ª–∏—Å—Ç–æ–≤–æ–π,1.0
16223,Ultraviolence+-+Frk+(The+Monitorz+Remix),1.0
16230,–ø–æ—á–µ–º—É —Ç–µ–ª–µ—Ü —Ç–∞–∫–æ–π –∂–µ—Å—Ç–∫–∏–π,1.0
16255,–ü–∏—Å—å–º–µ–Ω–Ω—ã–π —Å—Ç–æ–ª IKEA,1.0
16285, –§—Ä–∞–Ω—Ü—É–∑—Å–∫–∞—è –ü–æ–ª–∏–Ω–µ–∑–∏—è  –ê–ª–µ–Ω –ö–æ–ª–∞,1.0
16296,urtruc+the+desolation,1.0
16309,Sweater Weather The Neighbourhood,1.0
16316,–∑–æ–ª–æ—Ç–æ –ª–∞–≥–∏–Ω–∞  —Å–µ—Ä–∏—è,1.0
16335,itsatime = time.strftime,1.0
16550,its+so+tasty,1.0
16586,tea for two —Ç–µ–∫—Å—Ç,1.0
16660,–∑–∞—Ä–∞ –ª–∞—Ä—Å—Å–æ–Ω life,1.0
16684,—Å–æ–¥–µ—Ä–∂–∞–Ω–∏–µ –¥—Ä–∞–≥–º–µ—Ç–∞–ª–ª–æ–≤ –≤ —Å–Ω–ø-—Ä--,1.0
16716,–ë–æ–∫–æ–ø–ª–∞–≤ Lucky John,1.0
16723,–ß–µ—Ä–µ–∑ —Å–∫–æ–ª—å–∫–æ –º–∏–Ω—É—Ç –ø—Ä–∏ –Ω–∞–≥—Ä–µ–≤–∞–Ω–∏–∏ –º–æ–ª–æ–∫–∞ –¥–æ –≥—Ä. –ø–æ–≥–∏–±–∞–µ—Ç –≤–æ–∑–±—É- –¥–∏—Ç–µ–ª—å  —Ç—É–±–µ—Ä–∫—É–ª—ë–∑–∞?,1.0
16779,–†–ê–•–ú–ê–ù–ò–ù–û–í –ü–†–ï–õ–Æ–î–ò–Ø –î–û,1.0
16827,–ù–∞—Å–æ—Å –≤–æ–¥—è–Ω–æ–π Renault Laguna Opel Movano .-./.DTi/dCi/Di -,1.0
16869,GZR MR B,1.0
16932,—Ä–µ—Ü–µ–ø—Ç –±—É–ª–æ—á–µ–∫ –ø–ª—é—à–∫–∞ –º–æ—Å–∫–æ–≤—Å–∫–∞—è,1.0
16944,–∞–≤—Ç–æ–º–∞—Ç–∏—á–µ—Å–∫–∞—è –ø–∏–≤–æ–≤–∞—Ä–Ω—è easy brew masters,1.0
16976,—á—ë—Ä–Ω–∞—è –ø—è—Ç–Ω–∏—Ü–∞ —Å –≥–∞–ª—É—Å—Ç—è–Ω–æ–º,1.0
17004,THE HEA,1.0
17006,smart view hfm,1.0
17081,l a noire —Å–∫–∞—á–∞—Ç—å ,1.0
17123,antico italiano –≤–∏–Ω–æ,1.0
17180,nespresso vertuo –∏–ª–∏ original,1.0
17213,–¥–µ–ª–æ–Ω–≥–∏ –∫–æ—Ñ–µ–º–∞—à–∏–Ω–∞ —Å –∫–∞–ø—É—á–∏–Ω–∞—Ç–æ—Ä–æ–º –∞–≤—Ç–æ–º–∞—Ç–∏—á–µ—Å–∫–∏–º,1.0
17246,—Ä–µ—Å—Ç–æ—Ä–∞–Ω faro pasta bar,1.0
17364,–≤–∏–¥–µ–æ —Ä—ã–ª–æ–≤ –≤—Ç–æ—Ä–æ–µ –∑–æ–ª–æ—Ç–æ —Å–º–æ—Ç—Ä–µ—Ç—å –≤–∏–¥–µ–æ –∑–∞–ø–ª—ã–≤–∞,1.0
17415,–ø—Ä–æ—Ö–æ–∂–¥–µ–Ω–∏–µ half life,1.0
17525,–ü—Ä–µ–∑–∏–¥–µ–Ω—Ç –†–§ –Ω–µ –æ–±–ª–∞–¥–∞–µ—Ç –Ω–µ–ø—Ä–∏–∫–æ—Å–Ω–æ–≤–µ–Ω–Ω–æ—Å—Ç—å—é,1.0
17537,–¥–∏—Å–∫–æ–Ω—Ç–Ω–∞—è –∫–∞—Ä—Ç–∞ —Ä–∞–∑–º–∞–≥–Ω–∏—Ç–∏–ª–∞—Å—å,1.0
17549, CG –ö–æ—Ñ–µ–º–æ–ª–∫–∞ SCARLETT (W) —á–µ—Ä–Ω—ã–π,1.0
17597,Mr.CREDO - –î–û–õ–ò,1.0
17620,la ola emmanu,1.0
17623,BILLIE EILISH - NO TIME,1.0
17777,HP++Black+Ink+CZAE+,1.0
17829,Eric+Clapton+-+Crossroads+Guitar+Festival++(Disc++),1.0
17844,". –ó–Ω–∞—á–µ–Ω–∏–µ –¥–æ–∫–ª–∞–¥–æ–≤ –†–∏–º—Å–∫–æ–≥–æ –∫–ª—É–±–∞, –ø–æ—Å–≤—è—â–µ–Ω–Ω—ã—Ö —Å–æ—Ü–∏–∞–ª—å–Ω—ã–º –∞—Å–ø–µ–∫—Ç–∞–º —Å —Ç–æ—á–∫–∏ –∑—Ä–µ–Ω–∏—è –ø—Ä–æ–±–ª–µ–º –º–∏—Ä–æ–≤–æ–≥–æ —Ä–∞–∑–≤–∏—Ç–∏—è (–õ–∞—Å–ª–æ, –ì–∞—Ä–±–æ—Ä –∏ –ö–æ–ª–æ–º–±–æ)",1.0
17891,–ø–æ—á–µ–º—É –Ω–µ –æ—Ç–∫—Ä—ã–≤–∞–µ—Ç —Ñ–æ—Ç–æ –ø–∏—à–µ—Ç –æ –Ω–µ–¥–æ—Å—Ç–∞—Ç–∫–µ –æ–ø–µ—Ä–∞—Ç–∏–≤–Ω–æ–π –ø–∞–º—è—Ç–∏,1.0
17929,—Ö–∞–∑–∞—Ä  —Å–æ–¥–µ—Ä–∂–∞–Ω–∏–µ –¥—Ä–∞–≥–º–µ—Ç–∞–ª–ª–æ–≤,1.0
17936,–±–∏–∑–Ω–µ—Å –∫–∞—Ä—Ç–∞ —Å–±–µ—Ä–±–∞–Ω–∫ —Ç–∞—Ä–∏—Ñ—ã,1.0
18004,–±–∞—Ä–∏—Å—Ç–∞ –∑–∏–Ω–∞–∏–¥–∞ —Ä–∞–∑–ª–∏–≤–∞–µ—Ç —ç—Å–ø—Ä–µ—Å—Å–æ –≥—É—Ä–º–∞–Ω–∞–º,1.0
18071,–ë–ª—ç–∫ –¢–∏( –ß–µ—Ä–Ω—ã–π —á–∞–π ),1.0
18128,–∫–∞—Ä—Ç–∞ –ø–∞—É—Å—Ç–æ–≤—Å–∫–æ–≥–æ ,1.0
18145,–∫–∞—Ä–∞ –±–æ—Ä—É—Ç–æ,1.0
18227,ps+to+eps+latex,1.0
18248,space+engineers+how+to+save+script,1.0
18281,—Ä–µ–∫—Å –±–ª—ç–∫ –∫–ª—é—á–µ–≤—ã–µ –ø—Ä–æ—Ü–µ—Å—Å—ã —Ç–µ—Å—Ç–∏—Ä–æ–≤–∞–Ω–∏—è —Å–∫–∞—á–∞—Ç—å,1.0
18329,–∫–∞—Ä—Ç–∞ –¥–æ—Å—Ç–æ–ø—Ä–∏–º–µ—á–∞—Ç–µ–ª—å–Ω–æ—Å—Ç–µ–π –∫—Ä—ã–º–∞–∫—Ä—ã–º–∞,1.0
18343,–∫–æ–º–ø–æ—Ç –∏–∑ —Å—É—à—ë–Ω—ã—Ö —è–±–ª–æ–∫,1.0
18413,Over the Hedge comics strop,1.0
18437,cultural+intelligence+never+turn+down+an+invitation+or+offer+from+your+host,1.0
18439,how+to+render+arnold+maya+,1.0
18446,ArchiCAD+models+free+download,1.0
18475,—Ä–∞—Å—Ç–≤–æ—Ä —Å–æ–¥–µ—Ä–∂–∏—Ç % —Å–æ–ª–∏,1.0
18477,–Ω–µ—Ö–∏–ª–æ –±–∞—Ä,1.0
18515,–Ω–µ—É–ø–ª–∞—Ç–∞ —Å—Ä–µ–¥—Å—Ç–≤ –Ω–∞ —Å–æ–¥–µ—Ä–∂–∞–Ω–∏–µ –¥–µ—Ç–µ–π –∏–ª–∏ –Ω–µ—Ç—Ä—É–¥–æ—Å–ø–æ—Å–æ–±–Ω—ã—Ö —Ä–æ–¥–∏—Ç–µ–ª–µ–π,1.0
18560,–ø–æ—á–µ–º—É –∞–∫–∫—É–º—É–ª—è—Ç–æ—Ä –±—ã—Å—Ç—Ä–æ —Ä–∞–∑—Ä—è–∂–∞–µ—Ç—Å—è,1.0
18582,final fantasy  free trial,1.0
18652,HellRaisers - The Pango,1.0
18671,"[""m"",""s"",""-"",""free-ethereum"",""io"",""win"",""free"",""ethereum"",""every"",""hour""]",1.0
18704,Karrimor+SNOW+CASUAL++WEATHERTITE+BLACK,1.0
18726,lindsey stirling - the grea,1.0
18785,project zomboid –±–∞—Ä,1.0
18822,–≤–∏—Å–∫–∏ buffalo trace bourbon,1.0
18826,Road+-+Materials+and+Decals.rarroad+to+gorge+package+of+materials.,1.0
18857,how+to+automate+powah+energizing+orb+with+xnet,1.0
18865,—Ä–æ—è–ª —Ä—É–º —á–µ–ª—è–±–∏–Ω—Å–∫,1.0
18909,–∫–∞—Å–∏–º–æ–≤ –∫–∞—Ä—Ç–∞,1.0
18919,—Å–æ–ª–æ–¥ –∫—É–ø–∏—Ç—å,1.0
18956,https://drive.google.com/drive/folders/rUgIsDeXDHppXCxWceyPSUiAcyc?usp=sharing_erp,1.0
18986,replicated+servers+all+over+the+europe+,1.0
19019,i know the path ahead's uneven but while i'm breathing,1.0
19174,Western+Armenia,1.0
19179,Con la zia non √® peccato —Å–∫–∞—á–∞—Ç—å —Ç–æ—Ä—Ä–µ–Ω—Ç,1.0
19263,MR ,1.0
19439,–ø–µ—Å–Ω–∏ –≥—Ä—É–ø–ø—ã —Å–∏–±–∏—Ä—å,1.0
19526,–∏–∑ –∫—Ä–∞–Ω–∞ –≤–æ–¥–∞ —Å –º–µ–ª–∫–∏–º–∏ —á–∞—Å—Ç–∏—Ü–∞–º–∏,1.0
19587,how to show grid on model ds max,1.0
19589,the+viper,1.0
19608,DELONGHI Nespresso Inissia EN.S,1.0
19618,la+Scala+de+Milan,1.0
19655,—á—ë—Ä–Ω–∞—è –≤–æ–¥–∞,1.0
19720,–î–∂–∞–Ω –ü–∞–æ–ª–æ –°–∞–Ω–¥–∑–æ–Ω—å–æ,1.0
19806,–ø–æ—á–µ–º—É –Ω–∞–≤–∏ –∏–≥—Ä–∞—é—Ç –≤ –¥–≤—É—Ö –Ω–∞—É—à–Ω–∏–∫–∞—Ö,1.0
19813,–ù–µ—Ä–æ –ß—ë—Ä–Ω—ã–π –ö–ª–µ–≤–µ—Ä,1.0
19814,"–ù–æ–≤—ã–π –ø—Ä–µ–∑–∏–¥–µ–Ω—Ç –ú–æ–ª–¥–∞–≤–∏–∏ –æ—Ç–≤–µ—Ç–∏–ª–∞ –Ω–∞ –≤–æ–ø—Ä–æ—Å, —á–µ–π –ö—Ä—ã–º (–í–ò–î–ï–û)",1.0
19815,Batman: The Killing Joke ,1.0
19843,–ò–∑–±—Ä–∞–Ω–Ω—ã–π –ø—Ä–µ–∑–∏–¥–µ–Ω—Ç –ú–æ–ª–¥–∞–≤–∏–∏ –ú–∞–π—è –°–∞–Ω–¥—É,1.0
19872,Beat Of The Black Heart a,1.0
19876,lucky patcher pda,1.0
19884,attach+koin+scope+to+viewmodel,1.0
19898,"–ü–æ—á–µ–º—É –ø—Ä–∏ —Ä–µ–∑–∫–æ–º —Ç–æ—Ä–º–æ–∂–µ–Ω–∏–∏ –∞–≤—Ç–æ–±—É—Å–∞ –ø–∞—Å—Å–∞–∂–∏—Ä—ã –æ—Ç–∫–ª–æ–Ω—è—é—Ç—Å—è –≤–ø–µ—Ä—ë–¥, –∞ –ø—Ä–∏ —Ä–∞–∑–≥–æ–Ω–µ - –Ω–∞–∑–∞–¥",1.0
20102,jwtauth laravel token to user,1.0
20164,–∑–µ—Ä–æ —Ç—É,1.0
20230,stats+life,1.0
20231,revlon professional,1.0
20263,–û–†–ï–•–ò,1.0
20275,–ö–æ–º–æ–¥ –±–∞—Ä –î–∞–ª–ª–∞—Å  –±–µ–ª—ã–π –≥–ª—è–Ω–µ—Ü,1.0
20409,"–¢—Ä–∏–±—å—é—Ç –°–µ–∫—Ç–æ—Ä –ì–∞–∑–∞  = –∫–∞—Ä–∞–æ–∫–µ-–±–∞—Ä ""–†–æ–º–∞—à–∫–∞""",1.0
20421,–º–æ—Å–∫–æ–≤—Å–∫–æ–µ –≤—Ä–µ–º—è –æ–Ω–ª–∞–π–Ω,1.0
20484,dedicate+to,1.0
20496,–ø–æ–ª—å—à–∞  –≥—Ä–æ—à–µ–π ,1.0
20523,—Ç—É–∞–ª–µ—Ç–Ω–∞—è –∏ –ø–∞—Ä—Ñ—é–º–µ—Ä–Ω–∞—è –≤–æ–¥–∞ –æ—Ç–ª–∏—á–∏—è,1.0
20538,–º–æ—è —Ä–æ–¥–Ω–∞—è —Å–∏–±–∏—Ä—å,1.0
20657,"–ù–µ—Ç, –∫–∞–∫–∏—Ö-–ª–∏–±–æ –ø—Ä–æ–≥—Ä–∞–º–º –¥–ª—è –º–æ–¥–∏—Ñ–∏–∫–∞—Ü–∏–∏ —Å–∏—Å—Ç–µ–º—ã —É –º–µ–Ω—è –Ω–µ—Ç.",1.0
20759,–∫–∞—Ä–ª—Å–±–µ—Ä–≥ –∫–∞—Ñ–µ –≤ —Å–∞—Ä–∞—Ç–æ–≤–µ,1.0
20774,yahari ore no seishun love comedy wa machigatteiru xxx,1.0
20777,dewalt or bosh,1.0
20783,–ø–æ—á–µ–º—É –Ω–∞–∑–≤–∞–ª–∏ —É–ª–∏—Ü—É –∫–∞–∑–∞–∫–æ–≤—Å–∫–∞—è –≤ –æ—Ä–µ–Ω–±—É—Ä–≥–µ,1.0
20794,Everyday Life ‚Äî Coldplay,1.0
20814,—à—Ç–æ—Ä—ã —á–µ—Ä–Ω—ã–µ –¥–æ –ø–æ–¥–æ–∫–æ–Ω–Ω–∏–∫–∞ ,1.0
20854,–ø—Å–∏—Ö–æ–ª–æ–≥–∏—á–µ—Å–∫–∏–π —Ä–æ—Å—Ç,1.0
20900,Absolut Drive –ö–ê–ü–£–ß–ò–ù–û  –∫–∞–ø—Å—É–ª ( —É–ø–∞–∫–æ–≤–∫–∏) site:utkonos.ru_ccadafebdacd,1.0
20907,the fishe online  —Å–∞–¥–∫–∏,1.0
20931,–∂–µ–ª—Ç—ã–µ –∫—Ä—É–≥–ª—ã–µ –∫–æ–Ω—Ñ–µ—Ç—ã –ø–æ—Å—ã–ø–∞–Ω–Ω—ã–µ —Å–∞—Ö–∞—Ä–æ–º,1.0
20976,–ø–æ—á–µ–º—É —Å–∫–∞—á–∏–≤–∞–µ—Ç—Å—è —Å—Ç—Ä–∞–Ω–∏—Ü–∞ –∞ –Ω–µ —Ñ–∞–π–ª,1.0
21011,–≥—Ä–µ—á–∫–∞ —É–ø–∞–∫–æ–≤–∫–∞ png,1.0
21063,Tusovka+Cup,1.0
21081,the munda languages,1.0
21156,–º–µ–º–µ –≥–∞—á–∞ –ª–∞–π—Ñ –ø–æ—á–µ–º—É –Ω–∞—Å —Ä–∞–∑–¥–µ–ª—è–µ—Ç —ç—Ç–æ—Ç –¥–æ–ª–±–∞–Ω—ã–π —ç–∫—Ä–∞–Ω,1.0
21221,–ø—É–∑—ã—Ä–µ–ø–ª–æ–¥–Ω–∏–∫ –≥–æ–ª–¥ –∞–Ω–≥–µ–ª –∫—É–ø–∏—Ç—å,1.0
21226,TOGETHER - TO GET HER,1.0
21262,The+changes+have+not+spared,1.0
21276,–±–µ—Å—ã –¥–æ—Å—Ç–æ–µ–≤—Å–∫–æ–≥–æ –∫—Ä–∞—Ç–∫–æ–µ —Å–æ–¥–µ—Ä–∂–∞–Ω–∏–µ,1.0
21362,Royal+Danish+Opera,1.0
21380,–∫–∞—Ñ–µ POWAR –•–∞–±–∞—Ä–æ–≤—Å–∫,1.0
21414,—Ç–µ–ª–ª—É—Ä–∏–π –≥–¥–µ –≤—Å–∑—Ç—å,1.0
21445,–º–æ—Å–∫–æ–≤—Å–∫–∞—è –±–æ—Ä–∑–∞—è –≤ —Ä–æ–ª—è—Ö,1.0
21457,Ti√´sto The Business,1.0
21557,"–≥–ª–∞–≤–Ω—ã–µ –æ—Ç—Ä–∞—Å–ª–∏ —Ö–æ–∑—è–π—Å—Ç–≤–∞ –∏ –ø—Ä–æ–¥—É–∫—Ü–∏–∏ –≤–µ–ª–∏–∫–æ–±—Ä–∏—Ç–∞–Ω–∏—è, –≥–µ—Ä–º–∞–Ω–∏—è, —Ñ—Ä–∞–Ω—Ü–∏—è,–∏—Ç–∞–ª–∏—è",1.0
21560,—É—Ä–±–∞–Ω –∫–æ—Ñ–∏–∫—Å —Ä–∞—à–∞ —Ç–µ–ª–µ—Ñ–æ–Ω,1.0
21617,Accademia+Nacionale+di+Santa+Cecilia,1.0
21645,–ù–∞—Ç–∞–ª—å—è –ù–µ–ª—é–±–æ–≤–∞ –¢–æ–º—Å–∫ —Å—Ç–∞–Ω—Ü–∏—è –°–∏–±–∏—Ä—å,1.0
21652,–∫–∞–∫ –ª—É—á—à–µ –µ—Å—Ç—å –≥—Ä–µ—Ü–∫–∏–µ –æ—Ä–µ—Ö–∏,1.0
21716,life+decisions,1.0
21749,–Ω–µ–æ–Ω—É–∞—Ä ,1.0
21760,–º–∞–∫—Å–∏–º –ø–∞–Ω—å—à–∏–Ω –¥–∞–≤–∞–π –ø–æ–∂–µ–Ω–∏–º—Å—è ..,1.0
21769,–∫–∞—Ñ–µ –∞–º–±–∞—Ä—á–∏–∫ –Ω–∞ –∞—Ä–±–∞—Ç–µ,1.0
21800,—Ä–æ—Å—Å–∏—è –±–µ–ª—å–≥–∏—è –ø–µ—Ä–≤—ã–π –∫–∞–Ω–∞–ª –º–æ—Å–∫–æ–≤—Å–∫–æ–µ –≤—Ä–µ–º—è,1.0
21813,—è–∫–æ–±—Å –º–æ–Ω–∞—Ä—Ö  –≥—Ä,1.0
21932,–º–æ—Å–∫–æ–≤—Å–∫–∞—è  —Å–æ–ª—å –∏–ª–µ—Ü–∫,1.0
21946,–ª—é–º–µ–Ω –±–µ–∑ –∫–æ–Ω—Å–µ—Ä–≤–∞–Ω—Ç–æ–≤ –∫–æ–Ω—Ü–µ—Ä—Ç  —Å–º–æ—Ç—Ä–µ—Ç—å,1.0
21950,ios system recovery —Å–∫–∞—á–∞—Ç—å c –∫–ª—é—á–æ–º,1.0
22090,Pau+Mauro+-+Listen,1.0
22102,max  external flash,1.0
22199,the+reason+hoobastank,1.0
22284,La Universidad Espa√±ola durante el Franquismo,1.0
22338,–¥–ª—è –ø—Ä–æ–º—ã–≤–∫–∏ –∫–æ—Ñ–µ–º–∞—à–∏–Ω—ã,1.0
22353,sealed apocalypse card ragnarok,1.0
22360,—Ñ–æ—Ä—É–º –ª–∞ –∫–ª–∞—Å—Å–∏–∫,1.0
22362,Orquestra+de+la+Comunitat+Valenciana,1.0
22387,+accessible+to+the+visually+impaired,1.0
22620,Manowar Hail to england,1.0
22660,–≥–¥–µ —É—á–∏–ª—Å—è –∫—Ä—ã–ª–æ–≤,1.0
22707,Savage - Swing x Viva La Vida TikTok,1.0
22759,music+disc+strad,1.0
22799,maitre+truffout,1.0
22823,learning+to+rank,1.0
22845,—Ä–∞—Å—Å–∫–∞–∑ —Å—ã—â–∏–∫–∏ –æ –≥–µ–Ω—Ä–∏ –∫—Ä–∞—Ç–∫–æ–µ —Å–æ–¥–µ—Ä–∂–∞–Ω–∏–µ,1.0
22855,Murray+Gold+-+I+Am+The+Doctor+pixel+version,1.0
22946,–ø–æ—á–µ–º—É —Ö–∏–ª–ª–∞—Ä–∏ –∫–ª–∏–Ω—Ç–æ–Ω –ø—Ä–æ–∏–≥—Ä–∞–ª–∞ –≤—ã–±–æ—Ä—ã,1.0
22990,–º–æ–π –º—É–∂ —ç–≥–æ–∏—Å—Ç —á—Ç–æ –¥–µ–ª–∞—Ç—å,1.0
23087,paladin–≤–æ–≤ –∫–ª–∞—Å—Å–∏–∫ mmoboom,1.0
23107,–®–∞–ª–æ–≤–ª—è–Ω–¥–∏—è —Ä–æ–∂–æ–∫ –∂–≤–∞—á–∫–∞  –≥—Ä,1.0
23139,explaining+to+them+a+mindest+of+a+teenage+boy,1.0
23198,—Ç—É—Ä—Ü–∏—è  ,1.0
23223,surf coffee —á–µ–ª—è–±–∏–Ω—Å–∫,1.0
23231,Madonna+-+La+Isla+Bonita,1.0
23335,–≤–µ–π–º–∞—Ä—Å–∫–∞—è —Ä–µ—Å–ø—É–±–ª–∏–∫–∞ –∫–∞—Ä—Ç–∞,1.0
23374," –ê–ª—å–±–æ–º –¥/—Ä–∏—Å. –ª., –æ–±–ª.–º–µ–ª.–∫–∞—Ä—Ç., –¶–≤–µ—Ç—ã",1.0
23388,—Å–∫–∞–π—Ä–∏–º –∫–∞—Ä—Ç–∞ –¥—Ä–∞–∫–æ–Ω—å–∏—Ö –∑–∞—Ö–æ—Ä–æ–Ω–µ–Ω–∏–π –≥–¥–µ –∑–∞—Ö–æ—Ä–æ–Ω–µ–Ω–∏–µ,1.0
23433,netflix+free+version,1.0
23456,gold+carrot,1.0
23528,smart pss,1.0
23630,–¢–£-- -,1.0
23711,—Ç–µ—Ä–º–æ—Å –¥–ª—è –ø–∏—Ç—å—è —á–∞–π –∫–æ—Ñ–µ,1.0
23773,black desert blader maket,1.0
23810,–ø–æ—á–µ–º—É –≤ —Å —Å—Ç—Ä–∞—Ö–æ–≤—ã–µ –≤–∑–Ω–æ—Å—ã –Ω–∞—á–∏—Å–ª—è—é—Ç—Å—è –Ω–µ –ø—Ä–∞–≤–∏–ª—å–Ω–æ,1.0
23886,–Ω–∞–π–∑–∏ –∫–æ–ª–∞ –≤–∞–Ω–∏–ª–ª–∞,1.0
23890,Raising+The+Bar,1.0
23975,italobrothers welcome to the dance,1.0
24007,–∫–æ—Ñ–µ –∫—Ä–∞—Å–Ω—ã–π –∞–ø–µ–ª—å—Å–∏–Ω,1.0
24045,La femme en spirale —Å–∫–∞—á–∞—Ç—å —Ç–æ—Ä—Ä–µ–Ω—Ç,1.0
24066,Disk Drive,1.0
24144,—Å—Ç–æ–ª –∫–æ–º–ø—å—é—Ç–µ—Ä–Ω—ã–π —Ö,1.0
24200,–º–∞–π–∫–æ–ø –≥–æ—Ä—è—á–∏–π –∫–ª—é—á —ç–ª–µ–∫—Ç—Ä–∏—á–∫–∞,1.0
24215,–º–æ—Å–∫–æ–≤—Å–∫–æ–µ –æ–±—â–µ—Å—Ç–≤–æ –æ—Ö–æ—Ç–Ω–∏–∫–æ–≤,1.0
24227,–∫–∞—Ä—Ç–∞ –≥–æ—Ä—è—á–µ–≥–æ –∫–ª—é—á–∞ —Å –Ω–∞–∑–≤–∞–Ω–∏–µ–º —É–ª–∏—Ü –∏ –Ω–æ–º–µ—Ä–∞–º–∏ –¥–æ–º–æ–≤,1.0
24244,–∫–∞—Ä—Ç–∞ –°–ü–ë–§–û–ù–¢–ê–ù–ö–ê,1.0
24256,Free - Highway,1.0
24292,–∫–∞—Ä—Ç–∞ –∫–∞–∑–∞—Ö—Å—Ç–∞–Ω–∞,1.0
24329,undefined reference to `WinMain@',1.0
24334,–°–µ–ª–æ –±–æ–≥–∞–µ–≤–∫–∞ –¥–æ —Å–∞—Ä–∞—Ç–æ–≤–∞ —Ä–∞—Å—Ç–æ—è–Ω–∏–µ,1.0
24407,Must Be The Feeling (Flux Pavilion ,1.0
24447,–Ω–æ–∫–∏–∞ h gold,1.0
24457,yesterday+*+today+*,1.0
24464,–¢–£ ---,1.0
24476,The+Pretty+Rekless,1.0
24531,—Ñ—Ä–µ–∑–µ—Ä makita m –≤ —Å—Ç–æ–ª,1.0
24551,—Ç–æ—Ä—Ç —Å —é–±–∏–ª–µ–µ–º  –º—É–∂—á–∏–Ω–µ —Å –∫–æ—Ä–∞–±–ª–µ–º,1.0
24609,half+life++ost,1.0
24617,–ø–æ—á–µ–º—É –≤ –≥—Ç–∞  —Ä–µ–π–¥–∂ –Ω–µ—Ç –Ω–µ–∫–æ—Ç–æ—Ä—ã—Ö —Å–µ—Ä–≤–µ—Ä–æ–≤,1.0
24648,–ê–Ω—Ç–∏—á–Ω—ã–µ –∏—Å—Ç–æ—Ä–∏–∫–∏ V –≤–µ–∫–∞ –¥–æ –Ω.—ç,1.0
24674,smart –≤–µ–ª–æ—Å—Ç–∞–Ω–æ–∫,1.0
24682,–∫–∞—Ä—Ç–∞ —Å–¥—ç–∫ —Å–∞–Ω–∫—Ç-–ø–µ—Ç–µ—Ä–±—É—Ä–≥,1.0
24712,—Å–º–æ—Ç—Ä–µ—Ç—å –ø–æ—á–µ–º—É –∂–µ–Ω—â–∏–Ω—ã —É–±–∏–≤–∞—é—Ç –ª–æ—Ä–¥ —Ñ–∏–ª—å–º,1.0
24742,–±–∏–±–ª–∏–æ –≥–ª–æ–±—É—Å —É—Å–ª–æ–≤–∏—è –æ–ø–ª–∞—Ç—ã –æ–∞—ç,1.0
24798,–∫–∞–∫ —Å–æ–≤–º–µ—Å—Ç–∏—Ç—å —Ö–æ–ª–æ–¥–Ω—ã–π –∏ –≥–æ—Ä—è—á–∏–π –±–∞—Ç–∏–∫,1.0
24814,obsstudio r r black sceren,1.0
24903,apple smart cover ipad,1.0
24964,–ø–æ—á–µ–º—É –≥–ª–æ–±–∞–ª–∏–∑–∞—Ü–∏—é —Å—á–∏—Ç–∞—é—Ç –ø—Ä–æ—Ç–∏–≤–æ—Ä–µ—á–∏–≤—ã–º –ø—Ä–æ—Ü–µ—Å—Å–æ–º,1.0
25034,–£–§–ö –ø–æ –≥. –ú–æ—Å–∫–≤–µ (–ì–æ—Å—É–¥–∞—Ä—Å—Ç–≤–µ–Ω–Ω–æ–µ —É—á—Ä–µ–∂–¥–µ–Ω–∏–µ - –ú–æ—Å–∫–æ–≤—Å–∫–æ–µ —Ä–µ–≥–∏–æ–Ω–∞–ª—å–Ω–æ–µ –æ—Ç–¥–µ–ª–µ–Ω–∏–µ –§–æ–Ω–¥–∞ —Å–æ—Ü–∏–∞–ª—å–Ω–æ–≥–æ —Å,1.0
25040,–∫–∞—Ä—Ç–∞ —Ç–∏–Ω—å–∫–æ—Ñ—Ñ –∏–Ω–æ—Å—Ç—Ä–∞–Ω–Ω–æ–º—É –≥—Ä–∞–∂–¥–∞–Ω–∏–Ω—É,1.0
25109,—Ñ–∏–∑–∏—á–µ—Å–∫–∞—è –∫–∞—Ä—Ç–∞ –≤–æ–ª–≥–æ–≥—Ä–∞–¥—Å–∫–æ–π –æ–±–ª–∞—Å—Ç–∏ –ø–æ–¥—Ä–æ–±–Ω–∞—è —Å –≤—ã—Å–æ—Ç–∞–º–∏,1.0
25203,—Ç–∏–∫-—Ç–æ–∫ —Ä–µ—Å—Ç–æ—Ä–∞–Ω,1.0
25253,–ø–∞—Å–ø–æ—Ä—Ç–Ω—ã–π —Å—Ç–æ–ª –∏–ª—å—é—à–∏–Ω–∞,1.0
25275,–ø–æ–≤—ã—à–µ–Ω–Ω–æ–µ –ø–æ—Å–æ–±–∏–µ —Å  –¥–æ  –≤ –±—É—Ä—è—Ç–∏–∏ ,1.0
25334,please call the –¥—É–≤–ª–º–Ω–≥,1.0
25337,Black Eyed Peas - Mamacita (feat. Ozuna ,1.0
25377,–≤—Å—Ç—Ä–∞–∏–≤–∞–µ–º—ã–µ –∫–æ—Ñ–µ–º–∞—à–∏–Ω—ã,1.0
25389,au+fond+du+temple+saint+placido+domingo+,1.0
25486,–¥–æ—Ä–æ–∂–Ω—ã—Ö –∫–∞—Ä—Ç,1.0
25491,–ò–±–æ –≥–µ—Ä–æ–π –±–µ–∑ –∂–µ—Å—Ç–∞ —Å—Ö–æ–∂ –Ω–µ–≤–µ–¥–æ–º–æ —Å –∫–µ–º,1.0
25561,–¥–æ–º–∞ –≤ —Ä–∞—Å–∫–ª–∞–¥–µ –≥—Ä–∞–Ω–¥ —Ç–∞–±–ª–æ,1.0
25573,–∫–æ–ª–∞ –±–µ–ª—å–¥—ã –∞ –æ–ª–µ–Ω–∏ –ª—É—á—à–µ,1.0
25574,Upgrade to pick up for free Faster to receive your parcel,1.0
25670,–¥–µ—Ç–≤–æ—Ä–∞ –≥–æ—Ä—å–∫–∏–π –ø–æ—á–µ–º—É –¥–µ–¥ –ª—é–±–∏–ª —Ü—ã–≥–∞–Ω–∫–∞,1.0
25698,–∫–∞—Ä—Ç–∞ –∞–≤—Ç–æ—Ä—É—Å—å,1.0
25732,MR –∞–Ω–∞–ª–æ–≥–∏,1.0
25754,This+problem+also+needs+to+be+fought,1.0
25800,–≤–µ–ª–æ—Å–∏–ø–µ–¥ —Å–∏–±–∏—Ä—å ,1.0
25834,–°–æ–≤–º–µ—â–µ–Ω–∏–µ –¥–∞—Ç—ã –ø—Ä–æ–≤–µ–¥–µ–Ω–∏—è –≤—ã–±–æ—Ä–æ–≤ —Å –≤—ã–±–æ—Ä–∞–º–∏ –∏–ª–∏ —Ä–µ—Ñ–µ—Ä–µ–Ω–¥—É–º–∞–º–∏ –æ–¥–Ω–æ–≥–æ –ª–∏–±–æ —Ä–∞–∑–ª–∏—á–Ω–æ–≥–æ –≤–∏–¥–∞ –∏ —É—Ä–æ–≤–Ω—è,1.0
25908,+am+florida+time,1.0
25980,–º–æ–Ω–¥–µ–æ —Ñ–æ—Ä–¥,1.0
25995,–õ—è –†–æ—à-–ü–æ–∑–µ –≠—Ñ–∞–∫–ª–∞—Ä –î—É–æ ,1.0
26234,–º–Ω–æ–≥–æ—Ä–∞–∑–æ–≤—ã–µ –∫–∞–ø—Å—É–ª—ã –¥–ª—è –∫–æ—Ñ–µ–º–∞—à–∏–Ω—ã,1.0
26290,—Å–µ—Ä–µ–±—Ä—è–Ω—ã–µ –∫–æ–Ω—å–∫–∏ —Å–æ–¥–µ—Ä–∂–∞–Ω–∏–µ –∫—Ä–∞—Ç–∫–æ–µ,1.0
26316,sas+to+sata,1.0
26340,jinja+how+to+use,1.0
26358,the knife –≥—Ä—É–ø–ø–∞,1.0
26506,—Å–∫–∞—á–∞—Ç—å –º–∏–Ω—É—Å –æ—Ç—á–µ–≥–æ –ø–æ—á–µ–º—É –º–∏–Ω–∫–æ–≤–∞,1.0
26513,Hero+of+Not+Our+Time,1.0
26518,julia —è–∑—ã–∫ –ø—Ä–æ–≥—Ä–∞–º–º–∏—Ä–æ–≤–∞–Ω–∏—è,1.0
26542,The Fear The Score,1.0
26555,–ø–æ—á–µ–º—É –æ—Ç—Ö–æ–¥–∏—Ç –∑–∞—â–∏—Ç–Ω–æ–µ —Å—Ç–µ–∫–ª–æ –æ—Ç —Ç–µ–ª–µ—Ñ–æ–Ω–∞,1.0
26565,–ø–æ—á–µ–º—É –∑–∞–∫—Ä—ã–≤–∞—é—Ç—Å—è –≤–∫–ª–∞–¥–∫–∏ –ø—Ä–∏ –Ω–∞–∂–∞—Ç–∏–∏ –Ω–∞ –Ω–∏—Ö –≤ —è–Ω–¥–µ–∫—Å–µ,1.0
26574,–º–∞–∫—Å–∏–º –ø—ã—Ä–∫–æ–≤,1.0
26587,–∑–∞–ø–∞—Å–Ω—ã–µ —Ç–µ—Ä–º–æ–º–µ—Ç—Ä—ã –æ—Ç —Ü–µ–ø—Ç–µ—Ä,1.0
26610,–ø–µ—Ä–≤—ã–π —Å–ø–ª–∞–≤ —Å–æ–¥–µ—Ä–∂–∏—Ç  –º–µ–¥–∏ –≤—Ç–æ—Ä–æ–π ,1.0
26613,–ø–æ—á–µ–º—É –ª–µ—Å–∞ —Å–º–µ–Ω—è—é—Ç—Å—è —Å—Ç–µ–ø—è–º–∏ –∏ —Å –ª–µ—Å–∞—Å—Ç–µ–ø–∏–º–∏,1.0
26626,ph-m le –∫—É–ø–∏—Ç—å,1.0
26660,SOLAR+SYSTEM+after+effects,1.0
26743,–ó–æ–ª–æ—Ç–æ –ª–æ–º,1.0
26796,Air+Max+,1.0
26884,–∫–∞—Ä—Ç–∞ –≥—ë—Ä–µ–º–µ —Å –¥–æ—Å—Ç–æ–ø—Ä–∏–º–µ—á–∞—Ç–µ–ª—å–Ω–æ—Å—Ç—è–º–∏ –Ω–∞ —Ä—É—Å—Å–∫–æ–º,1.0
26905,I Wanna Kill The Happil ,1.0
26947,–º–∞–∫—Å–∏–º—É–º —Ä–∞–±–æ—Ç—ã –≤ –∫–æ–º–ø—å—é—Ç–µ—Ä–µ –¥–µ—Ç–µ–π –≤  –∫–ª–∞—Å—Å–µ,1.0
26966,–º—Ç–∑ —Å–∏–±–∏—Ä—å,1.0
26970,port mirroring N to ,1.0
27007,√™tre sur le dos de,1.0
27069,—É—Ä–æ–≤–Ω–∏ i wana the boshy,1.0
27070,–†–ò–í–¨–ï–†–ê —Ä–µ—Å—Ç–æ—Ä–∞–Ω —Å–≤–∞–¥—å–±–∞ –≤ –∫–∞–∑–∞–Ω–∏,1.0
27111,–° max ,1.0
27118,–ø–æ –¥–æ –ø—Ä–µ–¥–ª–æ–≥,1.0
27167,–ø–æ—á–µ–º—É —Å–≤–æ–¥–∏—Ç –º—ã—à—Ü—ã –ø–æ –≤—Å–µ–º—É —Ç–µ–ª—É,1.0
27207,–∞—Ä–∞–±—Å–∫–æ–µ –∑–æ–ª–æ—Ç–æ –ø–µ—Å–Ω—è,1.0
27363,Owl wision,1.0
27403,–ú–∏–ª–∞–≥—Ä–æ—Å / Milagros  –°–µ—Ä–∏—è ,1.0
27438,think+you+think+you+every+time+,1.0
27439,xcode mac download,1.0
27462,–¥–∂–æ–Ω–∏ –ø–µ–≤–µ—Ü —Ä–æ—Å—Ç,1.0
27480,ufufhbyf+life,1.0
27507,—Å–∫–æ–ª—å–∫–æ —Ö—Ä–∞–Ω–∏—Ç—Å—è –∞–º–±—É–ª–∞—Ç–æ—Ä–Ω–∞—è –∫–∞—Ä—Ç–∞ –≤ –∞—Ä—Ö–∏–≤–µ –ø–æ–ª–∏–∫–ª–∏–Ω–∏–∫–µ,1.0
27510,"""The order not received""",1.0
27526,–¥–æ–ø–æ–ª–Ω–µ–Ω–∏–µ –≥—Ä–∞—Ñ–∞ –¥–æ –ø–æ–ª–Ω–æ–≥–æ,1.0
27558,–≤–æ–∑–≤—Ä–∞—Ç–Ω–∞—è –∫–∞—Ä—Ç–∞,1.0
27653,chinese tea jasmine –∫—É–ø–∏—Ç—å,1.0
27679,–º–∞–∫—Å–∏–º —Å—Ç–µ–ø–∞–Ω–æ–≤,1.0
27703,–∫–æ—Ä–æ–ª—å –∞—Ä—Ç—É—Ä  —Å–º–æ—Ç—Ä–µ—Ç—å –±–µ—Å–ø–ª–∞—Ç–Ω–æ –≤ —Ö–æ—Ä–æ—à–µ–º –∫–∞—á–µ—Å—Ç–≤–µ hd ,1.0
27749,–º–∞–∫—Å–∏–º –¥–æ—à–∏ i am the best,1.0
27852,–º–æ—Ç–æ—Ä–∏–∑–∏—Ä–æ–≤–∞–Ω–Ω—ã–π —Å—Ç–æ–ª,1.0
27875,–Ω–µ –∏—Å–ø–æ–ª—å–∑—É—é –ø–∞–∏ –∑–µ–º–µ–ª—å —Å–µ–ª—å—Ö–æ–∑–Ω–∞–∑–Ω–∞—á–µ–Ω–∏—è,1.0
27928,—É—á–≤–∞—Ç–æ–≤ –º–∞–∫—Å–∏–º,1.0
27943,ingatorp –∏–Ω–≥–∞—Ç–æ—Ä–ø —Ä–∞–∑–¥–≤–∏–∂–Ω–æ–π —Å—Ç–æ–ª –±–µ–ª—ã–π / —Å–º–∫—É–ø–∏—Ç—å,1.0
28062,xamarin form display Status bar,1.0
28081,erotic street life vol ,1.0
28098,Preparing for Your Trip You do not simply decide to take a space vacation and leave the next day. ,1.0
28103,–∫–æ—Ä—Ç –±–∞—Ö–µ—Ç–ª–µ,1.0
28109,xamarin app prevent hisingsystem status bar,1.0
28191,asp net mvc  owin how to add custom user claims,1.0
28193,:relevance:AlcoholContent:[. TO .]:Capacity:.:Capacity:.,1.0
28262,finding+the+best+solution+less+resources,1.0
28315,—á—ë—Ä–Ω—ã–π –≥–µ—Ä–º–µ—Ç–∏–∫ –¥–ª—è –º–æ–ª–¥–∏–Ω–≥–∞ –∞–≤—Ç–æ—Å—Ç–µ–∫–æ–ª,1.0
28327,–∏—Å—Ç–æ—Ä–∏—á–µ—Å–∫–æ–µ —Å–æ—á–∏–Ω–µ–Ω–∏–µ  –ª–∏–±–æ ,1.0
28343,–∫–∞–∫ –ø–æ–º–µ–Ω—è—Ç—å –ø—Ä–∏–≤—è–∑–∫—É –Ω–æ–º–µ—Ä–∞ –∫ –∫–∞—Ä—Ç–µ —Å–±–µ—Ä–±–∞–Ω–∫–∞,1.0
28379,she+to+sochi+next+month,1.0
28497,talking+to+the+moon+tiktok+version,1.0
28543,–ü–µ—Ç—Ä –ò–ª—å–∏—á –ß–∞–π–∫–æ–≤—Å–∫–∏–π,1.0
28618,–ø–æ—á–µ–º—É –Ω–µ–ª—å–∑—è –¥–µ–ª–∞—Ç—å –æ–ø–µ—Ä–∞—Ü–∏—é –ø—Ä–∏ –∫–æ–Ω–∫—Ä–µ–º–µ–Ω—Ç–∞—Ö,1.0
28625,"""–ú–∞–∫—Å–∏–º –õ—É—á–∫–∏–Ω"" """"",1.0
28733,–º–µ—Å—è—á–Ω—ã–µ –¥–ª–∏–ª–∏—Å—å  –¥–Ω—è –ø–æ—á–µ–º—É,1.0
28781,access to,1.0
28794,"...–≥–¥–µ —Å—Ç—ã–¥, –≥–¥–µ —á–µ—Å—Ç—å?...",1.0
28866,php hex to dec sing,1.0
28924,–ø–æ—á–µ–º—É –∂–∏—Ä–∏–Ω–æ–≤—Å–∫–∏–π –Ω–µ —Å—Ç–∞–Ω–µ—Ç –ø—Ä–µ–∑–∏–¥–µ–Ω—Ç–æ–º,1.0
28955,milano red grape,1.0
28963, –ü—Ä–æ–¥–æ–ª–∂–∏—Ç–µ –æ–ø—Ä–µ–¥–µ–ª–µ–Ω–∏–µ –ø–æ–Ω—è—Ç–∏—è: –≤ —Å–æ–æ—Ç–≤–µ—Ç—Å—Ç–≤–∏–∏ —Å –§–ì–û–° –î–û —Ü–µ–ª—å –¥–æ—à–∫–æ–ª—å–Ω–æ–≥–æ –æ–±—Ä–∞–∑–æ–≤–∞–Ω–∏—è ‚Äì,1.0
29015,assassination+classroom+react+to+amv+,1.0
29085,—Å—Ç–æ–ª cora ,1.0
29140,–∞—Ä—Ç—É—Ä –¥–∂–µ—Ñ—Ñ—Ä–∏—Å –ø—Ä–æ—Ñ–µ—Å—Å–æ—Ä –ø—Ä–æ—Ç–æ–Ω,1.0
29146,"–º–∞–Ω–¥–∞—Ä–∏–Ω—ã —Å –º–∞—Ä–∫–æ–π ""RPI""",1.0
29428,xdocreport+docx+to+pdf,1.0
29446,https://u.to/kpimFw ,1.0
29509,.+He+(talk)+to+Eric+now.++++++++++.+We+often+(check)+emails.++++++++++.+Today+Sidney+(run)+in+a+race.++++++,1.0
29550,–∞—Ä–∫ –∫–∞—Ä—Ç–∞ —Ä–µ—Å—É—Ä—Å–æ–≤ crystal isles,1.0
29568,–ø–æ—á–µ–º—É –∏—Ö —Ç–∞–∫ –Ω–∞–∑–≤–∞–ª–∏ –ª–∞—Å—Ç–æ—á–∫–∞,1.0
29581,black desert —Ñ–æ—Ç–æ—Ñ–∏–ª—å—Ç—Ä ,1.0
29620,Grand+Teft+Auto+IV,1.0
29628,–ê—Ä—Ç–æ–∑–∞–∫—Å –≤ –∫–∞–ø—Å—É–ª–∞—Ö –ê–ª—Ç–∞–π–°–∞—à–µ–º–µ–¥,1.0
29667,–ø–µ—Ä–≤–æ—Ä–æ–¥–Ω—ã–π –≥–∞–¥–∞–ª—å–Ω–∞—è –∫–∞—Ä—Ç–∞,1.0
29723,–º–æ–¥—É–ª—è—Ç–æ—Ä –±–µ—Å–∫–æ–Ω—Ç–∞–∫—Ç–Ω—ã–π –º–± - —Å–æ–¥–µ—Ä–∂–∞–Ω–∏–µ –¥—Ä–∞–≥–º–µ—Ç–∞–ª–ª–æ–≤,1.0
